census2010,title,soc2010,soc2010_title
0010,Chief executives,11-1011,Chief Executives
0020,General and operations managers,11-1021,General and Operations Managers
0030,Legislators,11-1031,Legislators
0040,Advertising and promotions managers,11-2011,Advertising and Promotions Managers
0050,Marketing and sales managers,11-2021,Marketing Managers
0050,Marketing and sales managers,11-2022,Sales Managers
0060,Public relations and fundraising managers,11-2031,Public Relations and Fundraising Managers
0100,Administrative services managers,11-3011,Administrative Services Managers
0110,Computer and information systems managers,11-3021,Computer and Information Systems Managers
0120,Financial managers,11-3031,Financial Managers
0135,Compensation and benefits managers,11-3111,Compensation and Benefits Managers
0136,Human resources managers,11-3121,Human Resources Managers
0137,Training and development managers,11-3131,Training and Development Managers
0140,Industrial production managers,11-3051,Industrial Production Managers
0150,Purchasing managers,11-3061,Purchasing Managers
0160,"Transportation, storage, and distribution managers",11-3071,"Transportation, Storage, and Distribution Managers"
0205,"Farmers, ranchers, and other agricultural managers",11-9013,"Farmers, Ranchers, and Other Agricultural Managers"
0220,Construction managers,11-9021,Construction Managers
0230,Education administrators,11-9031,"Education Administrators, Preschool and Childcare Center/Program"
0230,Education administrators,11-9032,"Education Administrators, Elementary and Secondary School"
0230,Education administrators,11-9033,"Education Administrators, Postsecondary"
0230,Education administrators,11-9039,"Education Administrators, All Other"
0300,Architectural and engineering managers,11-9041,Architectural and Engineering Managers
0310,Food service managers,11-9051,Food Service Managers
0325,Funeral service managers,11-9061,Funeral Service Managers
0330,Gaming managers,11-9071,Gaming Managers
0340,Lodging managers,11-9081,Lodging Managers
0350,Medical and health services managers,11-9111,Medical and Health Services Managers
0360,Natural sciences managers,11-9121,Natural Sciences Managers
0400,Postmasters and mail superintendents,11-9131,Postmasters and Mail Superintendents
0410,"Property, real estate, and community association managers",11-9141,"Property, Real Estate, and Community Association Managers"
0420,Social and community service managers,11-9151,Social and Community Service Managers
0425,Emergency management directors,11-9161,Emergency Management Directors
0430,"Managers, all other",11-9199,"Managers, All Other"
0500,"Agents and business managers of artists, performers, and athletes",13-1011,"Agents and Business Managers of Artists, Performers, and Athletes"
0510,"Buyers and purchasing agents, farm products",13-1021,"Buyers and Purchasing Agents, Farm Products"
0520,"Wholesale and retail buyers, except farm products",13-1022,"Wholesale and Retail Buyers, Except Farm Products"
0530,"Purchasing agents, except wholesale, retail, and farm products",13-1023,"Purchasing Agents, Except Wholesale, Retail, and Farm Products"
0540,"Claims adjusters, appraisers, examiners, and investigators",13-1031,"Claims Adjusters, Examiners, and Investigators"
0540,"Claims adjusters, appraisers, examiners, and investigators",13-1032,"Insurance Appraisers, Auto Damage"
0565,Compliance officers,13-1041,Compliance Officers
0600,Cost estimators,13-1051,Cost Estimators
0630,Human resources workers,13-1071,Human Resources Specialists
0630,Human resources workers,13-1074,Farm Labor Contractors
0630,Human resources workers,13-1075,Labor Relations Specialists
0640,"Compensation, benefits, and job analysis specialists",13-1141,"Compensation, Benefits, and Job Analysis Specialists"
0650,Training and development specialists,13-1151,Training and Development Specialists
0700,Logisticians,13-1081,Logisticians
0710,Management analysts,13-1111,Management Analysts
0725,"Meeting, convention, and event planners",13-1121,"Meeting, Convention, and Event Planners"
0726,Fundraisers,13-1131,Fundraisers
0735,Market research analysts and marketing specialists,13-1161,Market Research Analysts and Marketing Specialists
0740,"Business operations specialists, all other",13-1199,"Business Operations Specialists, All Other"
0800,Accountants and auditors,13-2011,Accountants and Auditors
0810,Appraisers and assessors of real estate,13-2021,Appraisers and Assessors of Real Estate
0820,Budget analysts,13-2031,Budget Analysts
0830,Credit analysts,13-2041,Credit Analysts
0840,Financial analysts,13-2051,Financial Analysts
0850,Personal financial advisors,13-2052,Personal Financial Advisors
0860,Insurance underwriters,13-2053,Insurance Underwriters
0900,Financial examiners,13-2061,Financial Examiners
0910,Credit counselors and loan officers,13-2071,Credit Counselors
0910,Credit counselors and loan officers,13-2072,Loan Officers
0930,"Tax examiners and collectors, and revenue agents",13-2081,"Tax Examiners and Collectors, and Revenue Agents"
0940,Tax preparers,13-2082,Tax Preparers
0950,"Financial specialists, all other",13-2099,"Financial Specialists, All Other"
1005,Computer and information research scientists,15-1111,Computer and Information Research Scientists
1006,Computer systems analysts,15-1121,Computer Systems Analysts
1007,Information security analysts,15-1122,Information Security Analysts
1010,Computer programmers,15-1131,Computer Programmers
1020,"Software developers, applications and systems software",15-1132,"Software Developers, Applications"
1020,"Software developers, applications and systems software",15-1133,"Software Developers, Systems Software"
1030,Web developers,15-1134,Web Developers
1050,Computer support specialists,15-1151,Computer User Support Specialists
1050,Computer support specialists,15-1152,Computer Network Support Specialists
1060,Database administrators,15-1141,Database Administrators
1105,Network and computer systems administrators,15-1142,Network and Computer Systems Administrators
1106,Computer network architects,15-1143,Computer Network Architects
1107,"Computer occupations, all other",15-1199,"Computer Occupations, All Other"
1200,Actuaries,15-2011,Actuaries
1210,Mathematicians,15-2021,Mathematicians
1220,Operations research analysts,15-2031,Operations Research Analysts
1230,Statisticians,15-2041,Statisticians
1240,Miscellaneous mathematical science occupations,15-2091,Mathematical Technicians
1240,Miscellaneous mathematical science occupations,15-2099,"Mathematical Science Occupations, All Other"
1300,"Architects, except naval",17-1011,"Architects, Except Landscape and Naval"
1300,"Architects, except naval",17-1012,Landscape Architects
1310,"Surveyors, cartographers, and photogrammetrists",17-1021,Cartographers and Photogrammetrists
1310,"Surveyors, cartographers, and photogrammetrists",17-1022,Surveyors
1320,Aerospace engineers,17-2011,Aerospace Engineers
1330,Agricultural engineers,17-2021,Agricultural Engineers
1340,Biomedical engineers,17-2031,Biomedical Engineers
1350,Chemical engineers,17-2041,Chemical Engineers
1360,Civil engineers,17-2051,Civil Engineers
1400,Computer hardware engineers,17-2061,Computer Hardware Engineers
1410,Electrical and electronics engineers,17-2071,Electrical Engineers
1410,Electrical and electronics engineers,17-2072,"Electronics Engineers, Except Computer"
1420,Environmental engineers,17-2081,Environmental Engineers
1430,"Industrial engineers, including health and safety",17-2111,"Health and Safety Engineers, Except Mining Safety Engineers and Inspectors"
1430,"Industrial engineers, including health and safety",17-2112,Industrial Engineers
1440,Marine engineers and naval architects,17-2121,Marine Engineers and Naval Architects
1450,Materials engineers,17-2131,Materials Engineers
1460,Mechanical engineers,17-2141,Mechanical Engineers
1500,"Mining and geological engineers, including mining safety engineers",17-2151,"Mining and Geological Engineers, Including Mining Safety Engineers"
1510,Nuclear engineers,17-2161,Nuclear Engineers
1520,Petroleum engineers,17-2171,Petroleum Engineers
1530,"Engineers, all other",17-2199,"Engineers, All Other"
1540,Drafters,17-3011,Architectural and Civil Drafters
1540,Drafters,17-3012,Electrical and Electronics Drafters
1540,Drafters,17-3013,Mechanical Drafters
1540,Drafters,17-3019,"Drafters, All Other"
1550,"Engineering technicians, except drafters",17-3021,Aerospace Engineering and Operations Technicians
1550,"Engineering technicians, except drafters",17-3022,Civil Engineering Technicians
1550,"Engineering technicians, except drafters",17-3023,Electrical and Electronics Engineering Technicians
1550,"Engineering technicians, except drafters",17-3024,Electro-Mechanical Technicians
1550,"Engineering technicians, except drafters",17-3025,Environmental Engineering Technicians
1550,"Engineering technicians, except drafters",17-3026,Industrial Engineering Technicians
1550,"Engineering technicians, except drafters",17-3027,Mechanical Engineering Technicians
1550,"Engineering technicians, except drafters",17-3029,"Engineering Technicians, Except Drafters, All Other"
1560,Surveying and mapping technicians,17-3031,Surveying and Mapping Technicians
1600,Agricultural and food scientists,19-1011,Animal Scientists
1600,Agricultural and food scientists,19-1012,Food Scientists and Technologists
1600,Agricultural and food scientists,19-1013,Soil and Plant Scientists
1610,Biological scientists,19-1021,Biochemists and Biophysicists
1610,Biological scientists,19-1022,Microbiologists
1610,Biological scientists,19-1023,Zoologists and Wildlife Biologists
1610,Biological scientists,19-1029,"Biological Scientists, All Other"
1640,Conservation scientists and foresters,19-1031,Conservation Scientists
1640,Conservation scientists and foresters,19-1032,Foresters
1650,Medical scientists,19-1041,Epidemiologists
1650,Medical scientists,19-1042,"Medical Scientists, Except Epidemiologists"
1660,"Life scientists, all other",19-1099,"Life Scientists, All Other"
1700,Astronomers and physicists,19-2011,Astronomers
1700,Astronomers and physicists,19-2012,Physicists
1710,Atmospheric and space scientists,19-2021,Atmospheric and Space Scientists
1720,Chemists and materials scientists,19-2031,Chemists
1720,Chemists and materials scientists,19-2032,Materials Scientists
1740,Environmental scientists and geoscientists,19-2041,"Environmental Scientists and Specialists, Including Health"
1740,Environmental scientists and geoscientists,19-2042,"Geoscientists, Except Hydrologists and Geographers"
1740,Environmental scientists and geoscientists,19-2043,Hydrologists
1760,"Physical scientists, all other",19-2099,"Physical Scientists, All Other"
1800,Economists,19-3011,Economists
1815,Survey researchers,19-3022,Survey Researchers
1820,Psychologists,19-3031,"Clinical, Counseling, and School Psychologists"
1820,Psychologists,19-3032,Industrial-Organizational Psychologists
1820,Psychologists,19-3039,"Psychologists, All Other"
1830,Sociologists,19-3041,Sociologists
1840,Urban and regional planners,19-3051,Urban and Regional Planners
1860,Miscellaneous social scientists and related workers,19-3091,Anthropologists and Archeologists
1860,Miscellaneous social scientists and related workers,19-3092,Geographers
1860,Miscellaneous social scientists and related workers,19-3093,Historians
1860,Miscellaneous social scientists and related workers,19-3094,Political Scientists
1860,Miscellaneous social scientists and related workers,19-3099,"Social Scientists and Related Workers, All Other"
1900,Agricultural and food science technicians,19-4011,Agricultural and Food Science Technicians
1910,Biological technicians,19-4021,Biological Technicians
1920,Chemical technicians,19-4031,Chemical Technicians
1930,Geological and petroleum technicians,19-4041,Geological and Petroleum Technicians
1940,Nuclear technicians,19-4051,Nuclear Technicians
1950,Social science research assistants,19-4061,Social Science Research Assistants
1965,"Miscellaneous life, physical, and social science technicians",19-4091,"Environmental Science and Protection Technicians, Including Health"
1965,"Miscellaneous life, physical, and social science technicians",19-4092,Forensic Science Technicians
1965,"Miscellaneous life, physical, and social science technicians",19-4093,Forest and Conservation Technicians
1965,"Miscellaneous life, physical, and social science technicians",19-4099,"Life, Physical, and Social Science Technicians, All Other"
2000,Counselors,21-1011,Substance Abuse and Behavioral Disorder Counselors
2000,Counselors,21-1012,"Educational, Guidance, School, and Vocational Counselors"
2000,Counselors,21-1013,Marriage and Family Therapists
2000,Counselors,21-1014,Mental Health Counselors
2000,Counselors,21-1015,Rehabilitation Counselors
2000,Counselors,21-1019,"Counselors, All Other"
2010,Social workers,21-1021,"Child, Family, and School Social Workers"
2010,Social workers,21-1022,Healthcare Social Workers
2010,Social workers,21-1023,Mental Health and Substance Abuse Social Workers
2010,Social workers,21-1029,"Social Workers, All Other"
2015,Probation officers and correctional treatment specialists,21-1092,Probation Officers and Correctional Treatment Specialists
2016,Social and human service assistants,21-1093,Social and Human Service Assistants
2025,"Miscellaneous community and social service specialists, including health educators and community health workers",21-1091,Health Educators
2025,"Miscellaneous community and social service specialists, including health educators and community health workers",21-1094,Community Health Workers
2025,"Miscellaneous community and social service specialists, including health educators and community health workers",21-1099,"Community and Social Service Specialists, All Other"
2040,Clergy,21-2011,Clergy
2050,"Directors, religious activities and education",21-2021,"Directors, Religious Activities and Education"
2060,"Religious workers, all other",21-2099,"Religious Workers, All Other"
2100,Lawyers,23-1011,Lawyers
2105,Judicial law clerks,23-1012,Judicial Law Clerks
2110,"Judges, magistrates, and other judicial workers",23-1021,"Administrative Law Judges, Adjudicators, and Hearing Officers"
2110,"Judges, magistrates, and other judicial workers",23-1022,"Arbitrators, Mediators, and Conciliators"
2110,"Judges, magistrates, and other judicial workers",23-1023,"Judges, Magistrate Judges, and Magistrates"
2145,Paralegals and legal assistants,23-2011,Paralegals and Legal Assistants
2160,Miscellaneous legal support workers,23-2091,Court Reporters
2160,Miscellaneous legal support workers,23-2093,"Title Examiners, Abstractors, and Searchers"
2160,Miscellaneous legal support workers,23-2099,"Legal Support Workers, All Other"
2200,Postsecondary teachers,25-1011,"Business Teachers, Postsecondary"
2200,Postsecondary teachers,25-1021,"Computer Science Teachers, Postsecondary"
2200,Postsecondary teachers,25-1022,"Mathematical Science Teachers, Postsecondary"
2200,Postsecondary teachers,25-1031,"Architecture Teachers, Postsecondary"
2200,Postsecondary teachers,25-1032,"Engineering Teachers, Postsecondary"
2200,Postsecondary teachers,25-1041,"Agricultural Sciences Teachers, Postsecondary"
2200,Postsecondary teachers,25-1042,"Biological Science Teachers, Postsecondary"
2200,Postsecondary teachers,25-1043,"Forestry and Conservation Science Teachers, Postsecondary"
2200,Postsecondary teachers,25-1051,"Atmospheric, Earth, Marine, and Space Sciences Teachers, Postsecondary"
2200,Postsecondary teachers,25-1052,"Chemistry Teachers, Postsecondary"
2200,Postsecondary teachers,25-1053,"Environmental Science Teachers, Postsecondary"
2200,Postsecondary teachers,25-1054,"Physics Teachers, Postsecondary"
2200,Postsecondary teachers,25-1061,"Anthropology and Archeology Teachers, Postsecondary"
2200,Postsecondary teachers,25-1062,"Area, Ethnic, and Cultural Studies Teachers, Postsecondary"
2200,Postsecondary teachers,25-1063,"Economics Teachers, Postsecondary"
2200,Postsecondary teachers,25-1064,"Geography Teachers, Postsecondary"
2200,Postsecondary teachers,25-1065,"Political Science Teachers, Postsecondary"
2200,Postsecondary teachers,25-1066,"Psychology Teachers, Postsecondary"
2200,Postsecondary teachers,25-1067,"Sociology Teachers, Postsecondary"
2200,Postsecondary teachers,25-1069,"Social Sciences Teachers, Postsecondary, All Other"
2200,Postsecondary teachers,25-1071,"Health Specialties Teachers, Postsecondary"
2200,Postsecondary teachers,25-1072,"Nursing Instructors and Teachers, Postsecondary"
2200,Postsecondary teachers,25-1081,"Education Teachers, Postsecondary"
2200,Postsecondary teachers,25-1082,"Library Science Teachers, Postsecondary"
2200,Postsecondary teachers,25-1111,"Criminal Justice and Law Enforcement Teachers, Postsecondary"
2200,Postsecondary teachers,25-1112,"Law Teachers, Postsecondary"
2200,Postsecondary teachers,25-1113,"Social Work Teachers, Postsecondary"
2200,Postsecondary teachers,25-1121,"Art, Drama, and Music Teachers, Postsecondary"
2200,Postsecondary teachers,25-1122,"Communications Teachers, Postsecondary"
2200,Postsecondary teachers,25-1123,"English Language and Literature Teachers, Postsecondary"
2200,Postsecondary teachers,25-1124,"Foreign Language and Literature Teachers, Postsecondary"
2200,Postsecondary teachers,25-1125,"History Teachers, Postsecondary"
2200,Postsecondary teachers,25-1126,"Philosophy and Religion Teachers, Postsecondary"
2200,Postsecondary teachers,25-1191,Graduate Teaching Assistants
2200,Postsecondary teachers,25-1192,"Home Economics Teachers, Postsecondary"
2200,Postsecondary teachers,25-1193,"Recreation and Fitness Studies Teachers, Postsecondary"
2200,Postsecondary teachers,25-1194,"Vocational Education Teachers, Postsecondary"
2200,Postsecondary teachers,25-1199,"Postsecondary Teachers, All Other"
2300,Preschool and kindergarten teachers,25-2011,"Preschool Teachers, Except Special Education"
2300,Preschool and kindergarten teachers,25-2012,"Kindergarten Teachers, Except Special Education"
2310,Elementary and middle school teachers,25-2021,"Elementary School Teachers, Except Special Education"
2310,Elementary and middle school teachers,25-2022,"Middle School Teachers, Except Special and Career/Technical Education"
2310,Elementary and middle school teachers,25-2023,"Career/Technical Education Teachers, Middle School"
2320,Secondary school teachers,25-2031,"Secondary School Teachers, Except Special and Career/Technical Education"
2320,Secondary school teachers,25-2032,"Career/Technical Education Teachers, Secondary School"
2330,Special education teachers,25-2051,"Special Education Teachers, Preschool"
2330,Special education teachers,25-2052,"Special Education Teachers, Kindergarten and Elementary School"
2330,Special education teachers,25-2053,"Special Education Teachers, Middle School"
2330,Special education teachers,25-2054,"Special Education Teachers, Secondary School"
2330,Special education teachers,25-2059,"Special Education Teachers, All Other"
2340,Other teachers and instructors,25-3011,Adult Basic and Secondary Education and Literacy Teachers and Instructors
2340,Other teachers and instructors,25-3021,Self-Enrichment Education Teachers
2340,Other teachers and instructors,25-3099,"Teachers and Instructors, All Other"
2400,"Archivists, curators, and museum technicians",25-4011,Archivists
2400,"Archivists, curators, and museum technicians",25-4012,Curators
2400,"Archivists, curators, and museum technicians",25-4013,Museum Technicians and Conservators
2430,Librarians,25-4021,Librarians
2440,Library technicians,25-4031,Library Technicians
2540,Teacher assistants,25-9041,Teacher Assistants
2550,"Other education, training, and library workers",25-9011,Audio-Visual and Multimedia Collections Specialists
2550,"Other education, training, and library workers",25-9021,Farm and Home Management Advisors
2550,"Other education, training, and library workers",25-9031,Instructional Coordinators
2550,"Other education, training, and library workers",25-9099,"Education, Training, and Library Workers, All Other"
2600,Artists and related workers,27-1011,Art Directors
2600,Artists and related workers,27-1012,Craft Artists
2600,Artists and related workers,27-1013,"Fine Artists, Including Painters, Sculptors, and Illustrators"
2600,Artists and related workers,27-1014,Multimedia Artists and Animators
2600,Artists and related workers,27-1019,"Artists and Related Workers, All Other"
2630,Designers,27-1021,Commercial and Industrial Designers
2630,Designers,27-1022,Fashion Designers
2630,Designers,27-1023,Floral Designers
2630,Designers,27-1024,Graphic Designers
2630,Designers,27-1025,Interior Designers
2630,Designers,27-1026,Merchandise Displayers and Window Trimmers
2630,Designers,27-1027,Set and Exhibit Designers
2630,Designers,27-1029,"Designers, All Other"
2700,Actors,27-2011,Actors
2710,Producers and directors,27-2012,Producers and Directors
2720,"Athletes, coaches, umpires, and related workers",27-2021,Athletes and Sports Competitors
2720,"Athletes, coaches, umpires, and related workers",27-2022,Coaches and Scouts
2720,"Athletes, coaches, umpires, and related workers",27-2023,"Umpires, Referees, and Other Sports Officials"
2740,Dancers and choreographers,27-2031,Dancers
2740,Dancers and choreographers,27-2032,Choreographers
2750,"Musicians, singers, and related workers",27-2041,Music Directors and Composers
2750,"Musicians, singers, and related workers",27-2042,Musicians and Singers
2760,"Entertainers and performers, sports and related workers, all other",27-2099,"Entertainers and Performers, Sports and Related Workers, All Other"
2800,Announcers,27-3011,Radio and Television Announcers
2800,Announcers,27-3012,Public Address System and Other Announcers
2810,"News analysts, reporters and correspondents",27-3021,Broadcast News Analysts
2810,"News analysts, reporters and correspondents",27-3022,Reporters and Correspondents
2825,Public relations specialists,27-3031,Public Relations Specialists
2830,Editors,27-3041,Editors
2840,Technical writers,27-3042,Technical Writers
2850,Writers and authors,27-3043,Writers and Authors
2860,Miscellaneous media and communication workers,27-3091,Interpreters and Translators
2860,Miscellaneous media and communication workers,27-3099,"Media and Communication Workers, All Other"
2900,Broadcast and sound engineering technicians and radio operators,27-4011,Audio and Video Equipment Technicians
2900,Broadcast and sound engineering technicians and radio operators,27-4012,Broadcast Technicians
2900,Broadcast and sound engineering technicians and radio operators,27-4013,Radio Operators
2900,Broadcast and sound engineering technicians and radio operators,27-4014,Sound Engineering Technicians
2910,Photographers,27-4021,Photographers
2920,"Television, video, and motion picture camera operators and editors",27-4031,"Camera Operators, Television, Video, and Motion Picture"
2920,"Television, video, and motion picture camera operators and editors",27-4032,Film and Video Editors
2960,"Media and communication equipment workers, all other",27-4099,"Media and Communication Equipment Workers, All Other"
3000,Chiropractors,29-1011,Chiropractors
3010,Dentists,29-1021,"Dentists, General"
3010,Dentists,29-1022,Oral and Maxillofacial Surgeons
3010,Dentists,29-1023,Orthodontists
3010,Dentists,29-1024,Prosthodontists
3010,Dentists,29-1029,"Dentists, All Other Specialists"
3030,Dietitians and nutritionists,29-1031,Dietitians and Nutritionists
3040,Optometrists,29-1041,Optometrists
3050,Pharmacists,29-1051,Pharmacists
3060,Physicians and surgeons,29-1061,Anesthesiologists
3060,Physicians and surgeons,29-1062,Family and General Practitioners
3060,Physicians and surgeons,29-1063,"Internists, General"
3060,Physicians and surgeons,29-1064,Obstetricians and Gynecologists
3060,Physicians and surgeons,29-1065,"Pediatricians, General"
3060,Physicians and surgeons,29-1066,Psychiatrists
3060,Physicians and surgeons,29-1067,Surgeons
3060,Physicians and surgeons,29-1069,"Physicians and Surgeons, All Other"
3110,Physician assistants,29-1071,Physician Assistants
3120,Podiatrists,29-1081,Podiatrists
3140,Audiologists,29-1181,Audiologists
3150,Occupational therapists,29-1122,Occupational Therapists
3160,Physical therapists,29-1123,Physical Therapists
3200,Radiation therapists,29-1124,Radiation Therapists
3210,Recreational therapists,29-1125,Recreational Therapists
3220,Respiratory therapists,29-1126,Respiratory Therapists
3230,Speech-language pathologists,29-1127,Speech-Language Pathologists
3235,Exercise physiologists,29-1128,Exercise Physiologists
3245,"Therapists, all other",29-1129,"Therapists, All Other"
3250,Veterinarians,29-1131,Veterinarians
3255,Registered nurses,29-1141,Registered Nurses
3256,Nurse anesthetists,29-1151,Nurse Anesthetists
3257,Nurse midwives,29-1161,Nurse Midwives
3258,Nurse practitioners,29-1171,Nurse Practitioners
3260,"Health diagnosing and treating practitioners, all other",29-1199,"Health Diagnosing and Treating Practitioners, All Other"
3300,Clinical laboratory technologists and technicians,29-2011,Medical and Clinical Laboratory Technologists
3300,Clinical laboratory technologists and technicians,29-2012,Medical and Clinical Laboratory Technicians
3310,Dental hygienists,29-2021,Dental Hygienists
3320,Diagnostic related technologists and technicians,29-2031,Cardiovascular Technologists and Technicians
3320,Diagnostic related technologists and technicians,29-2032,Diagnostic Medical Sonographers
3320,Diagnostic related technologists and technicians,29-2033,Nuclear Medicine Technologists
3320,Diagnostic related technologists and technicians,29-2034,Radiologic Technologists
3320,Diagnostic related technologists and technicians,29-2035,Magnetic Resonance Imaging Technologists
3400,Emergency medical technicians and paramedics,29-2041,Emergency Medical Technicians and Paramedics
3420,Health practitioner support technologists and technicians,29-2051,Dietetic Technicians
3420,Health practitioner support technologists and technicians,29-2052,Pharmacy Technicians
3420,Health practitioner support technologists and technicians,29-2053,Psychiatric Technicians
3420,Health practitioner support technologists and technicians,29-2054,Respiratory Therapy Technicians
3420,Health practitioner support technologists and technicians,29-2055,Surgical Technologists
3420,Health practitioner support technologists and technicians,29-2056,Veterinary Technologists and Technicians
3420,Health practitioner support technologists and technicians,29-2057,Ophthalmic Medical Technicians
3500,Licensed practical and licensed vocational nurses,29-2061,Licensed Practical and Licensed Vocational Nurses
3510,Medical records and health information technicians,29-2071,Medical Records and Health Information Technicians
3520,"Opticians, dispensing",29-2081,"Opticians, Dispensing"
3535,Miscellaneous health technologists and technicians,29-2091,Orthotists and Prosthetists
3535,Miscellaneous health technologists and technicians,29-2092,Hearing Aid Specialists
3535,Miscellaneous health technologists and technicians,29-2099,"Health Technologists and Technicians, All Other"
3540,Other healthcare practitioners and technical occupations,29-9011,Occupational Health and Safety Specialists
3540,Other healthcare practitioners and technical occupations,29-9012,Occupational Health and Safety Technicians
3540,Other healthcare practitioners and technical occupations,29-9091,Athletic Trainers
3540,Other healthcare practitioners and technical occupations,29-9092,Genetic Counselors
3540,Other healthcare practitioners and technical occupations,29-9099,"Healthcare Practitioners and Technical Workers, All Other"
3600,"Nursing, psychiatric, and home health aides",31-1011,Home Health Aides
3600,"Nursing, psychiatric, and home health aides",31-1013,Psychiatric Aides
3600,"Nursing, psychiatric, and home health aides",31-1014,Nursing Assistants
3600,"Nursing, psychiatric, and home health aides",31-1015,Orderlies
3610,Occupational therapy assistants and aides,31-2011,Occupational Therapy Assistants
3610,Occupational therapy assistants and aides,31-2012,Occupational Therapy Aides
3620,Physical therapist assistants and aides,31-2021,Physical Therapist Assistants
3620,Physical therapist assistants and aides,31-2022,Physical Therapist Aides
3630,Massage therapists,31-9011,Massage Therapists
3640,Dental assistants,31-9091,Dental Assistants
3645,Medical assistants,31-9092,Medical Assistants
3646,Medical transcriptionists,31-9094,Medical Transcriptionists
3647,Pharmacy aides,31-9095,Pharmacy Aides
3648,Veterinary assistants and laboratory animal caretakers,31-9096,Veterinary Assistants and Laboratory Animal Caretakers
3649,Phlebotomists,31-9097,Phlebotomists
3655,"Miscellaneous healthcare support occupations, including medical equipment preparers",31-9093,Medical Equipment Preparers
3655,"Miscellaneous healthcare support occupations, including medical equipment preparers",31-9099,"Healthcare Support Workers, All Other"
3700,First-line supervisors of correctional officers,33-1011,First-Line Supervisors of Correctional Officers
3710,First-line supervisors of police and detectives,33-1012,First-Line Supervisors of Police and Detectives
3720,First-line supervisors of fire fighting and prevention workers,33-1021,First-Line Supervisors of Fire Fighting and Prevention Workers
3730,"First-line supervisors of protective service workers, all other",33-1099,"First-Line Supervisors of Protective Service Workers, All Other"
3740,Firefighters,33-2011,Firefighters
3750,Fire inspectors,33-2021,Fire Inspectors and Investigators
3750,Fire inspectors,33-2022,Forest Fire Inspectors and Prevention Specialists
3800,"Bailiffs, correctional officers, and jailers",33-3011,Bailiffs
3800,"Bailiffs, correctional officers, and jailers",33-3012,Correctional Officers and Jailers
3820,Detectives and criminal investigators,33-3021,Detectives and Criminal Investigators
3830,Fish and game wardens,33-3031,Fish and Game Wardens
3840,Parking enforcement workers,33-3041,Parking Enforcement Workers
3850,Police and sheriff's patrol officers,33-3051,Police and Sheriff's Patrol Officers
3860,Transit and railroad police,33-3052,Transit and Railroad Police
3900,Animal control workers,33-9011,Animal Control Workers
3910,Private detectives and investigators,33-9021,Private Detectives and Investigators
3930,Security guards and gaming surveillance officers,33-9031,Gaming Surveillance Officers and Gaming Investigators
3930,Security guards and gaming surveillance officers,33-9032,Security Guards
3940,Crossing guards,33-9091,Crossing Guards
3945,Transportation security screeners,33-9093,Transportation Security Screeners
3955,"Lifeguards and other recreational, and all other protective service workers",33-9092,"Lifeguards, Ski Patrol, and Other Recreational Protective Service Workers"
3955,"Lifeguards and other recreational, and all other protective service workers",33-9099,"Protective Service Workers, All Other"
4000,Chefs and head cooks,35-1011,Chefs and Head Cooks
4010,First-line supervisors of food preparation and serving workers,35-1012,First-Line Supervisors of Food Preparation and Serving Workers
4020,Cooks,35-2011,"Cooks, Fast Food"
4020,Cooks,35-2012,"Cooks, Institution and Cafeteria"
4020,Cooks,35-2013,"Cooks, Private Household"
4020,Cooks,35-2014,"Cooks, Restaurant"
4020,Cooks,35-2015,"Cooks, Short Order"
4020,Cooks,35-2019,"Cooks, All Other"
4030,Food preparation workers,35-2021,Food Preparation Workers
4040,Bartenders,35-3011,Bartenders
4050,"Combined food preparation and serving workers, including fast food",35-3021,"Combined Food Preparation and Serving Workers, Including Fast Food"
4060,"Counter attendants, cafeteria, food concession, and coffee shop",35-3022,"Counter Attendants, Cafeteria, Food Concession, and Coffee Shop"
4110,Waiters and waitresses,35-3031,Waiters and Waitresses
4120,"Food servers, nonrestaurant",35-3041,"Food Servers, Nonrestaurant"
4130,Dining room and cafeteria attendants and bartender helpers,35-9011,Dining Room and Cafeteria Attendants and Bartender Helpers
4140,Dishwashers,35-9021,Dishwashers
4150,"Hosts and hostesses, restaurant, lounge, and coffee shop",35-9031,"Hosts and Hostesses, Restaurant, Lounge, and Coffee Shop"
4160,"Food preparation and serving related workers, all other",35-9099,"Food Preparation and Serving Related Workers, All Other"
4200,First-line supervisors of housekeeping and janitorial workers,37-1011,First-Line Supervisors of Housekeeping and Janitorial Workers
4210,"First-line supervisors of landscaping, lawn service, and groundskeeping workers",37-1012,"First-Line Supervisors of Landscaping, Lawn Service, and Groundskeeping Workers"
4220,Janitors and building cleaners,37-2011,"Janitors and Cleaners, Except Maids and Housekeeping Cleaners"
4220,Janitors and building cleaners,37-2019,"Building Cleaning Workers, All Other"
4230,Maids and housekeeping cleaners,37-2012,Maids and Housekeeping Cleaners
4240,Pest control workers,37-2021,Pest Control Workers
4250,Grounds maintenance workers,37-3011,Landscaping and Groundskeeping Workers
4250,Grounds maintenance workers,37-3012,"Pesticide Handlers, Sprayers, and Applicators, Vegetation"
4250,Grounds maintenance workers,37-3013,Tree Trimmers and Pruners
4250,Grounds maintenance workers,37-3019,"Grounds Maintenance Workers, All Other"
4300,First-line supervisors of gaming workers,39-1011,Gaming Supervisors
4300,First-line supervisors of gaming workers,39-1012,Slot Supervisors
4320,First-line supervisors of personal service workers,39-1021,First-Line Supervisors of Personal Service Workers
4340,Animal trainers,39-2011,Animal Trainers
4350,Nonfarm animal caretakers,39-2021,Nonfarm Animal Caretakers
4400,Gaming services workers,39-3011,Gaming Dealers
4400,Gaming services workers,39-3012,Gaming and Sports Book Writers and Runners
4400,Gaming services workers,39-3019,"Gaming Service Workers, All Other"
4410,Motion picture projectionists,39-3021,Motion Picture Projectionists
4420,"Ushers, lobby attendants, and ticket takers",39-3031,"Ushers, Lobby Attendants, and Ticket Takers"
4430,Miscellaneous entertainment attendants and related workers,39-3091,Amusement and Recreation Attendants
4430,Miscellaneous entertainment attendants and related workers,39-3092,Costume Attendants
4430,Miscellaneous entertainment attendants and related workers,39-3093,"Locker Room, Coatroom, and Dressing Room Attendants"
4430,Miscellaneous entertainment attendants and related workers,39-3099,"Entertainment Attendants and Related Workers, All Other"
4460,Embalmers and funeral attendants,39-4011,Embalmers
4460,Embalmers and funeral attendants,39-4021,Funeral Attendants
4465,"Morticians, undertakers, and funeral directors",39-4031,"Morticians, Undertakers, and Funeral Directors"
4500,Barbers,39-5011,Barbers
4510,"Hairdressers, hairstylists, and cosmetologists",39-5012,"Hairdressers, Hairstylists, and Cosmetologists"
4520,Miscellaneous personal appearance workers,39-5091,"Makeup Artists, Theatrical and Performance"
4520,Miscellaneous personal appearance workers,39-5092,Manicurists and Pedicurists
4520,Miscellaneous personal appearance workers,39-5093,Shampooers
4520,Miscellaneous personal appearance workers,39-5094,Skincare Specialists
4530,"Baggage porters, bellhops, and concierges",39-6011,Baggage Porters and Bellhops
4530,"Baggage porters, bellhops, and concierges",39-6012,Concierges
4540,Tour and travel guides,39-7011,Tour Guides and Escorts
4540,Tour and travel guides,39-7012,Travel Guides
4600,Childcare workers,39-9011,Childcare Workers
4610,Personal care aides,39-9021,Personal Care Aides
4620,Recreation and fitness workers,39-9031,Fitness Trainers and Aerobics Instructors
4620,Recreation and fitness workers,39-9032,Recreation Workers
4640,Residential advisors,39-9041,Residential Advisors
4650,"Personal care and service workers, all other",39-9099,"Personal Care and Service Workers, All Other"
4700,First-line supervisors of retail sales workers,41-1011,First-Line Supervisors of Retail Sales Workers
4710,First-line supervisors of non-retail sales workers,41-1012,First-Line Supervisors of Non-Retail Sales Workers
4720,Cashiers,41-2011,Cashiers
4720,Cashiers,41-2012,Gaming Change Persons and Booth Cashiers
4740,Counter and rental clerks,41-2021,Counter and Rental Clerks
4750,Parts salespersons,41-2022,Parts Salespersons
4760,Retail salespersons,41-2031,Retail Salespersons
4800,Advertising sales agents,41-3011,Advertising Sales Agents
4810,Insurance sales agents,41-3021,Insurance Sales Agents
4820,"Securities, commodities, and financial services sales agents",41-3031,"Securities, Commodities, and Financial Services Sales Agents"
4830,Travel agents,41-3041,Travel Agents
4840,"Sales representatives, services, all other",41-3099,"Sales Representatives, Services, All Other"
4850,"Sales representatives, wholesale and manufacturing",41-4011,"Sales Representatives, Wholesale and Manufacturing, Technical and Scientific Products"
4850,"Sales representatives, wholesale and manufacturing",41-4012,"Sales Representatives, Wholesale and Manufacturing, Except Technical and Scientific Products"
4900,"Models, demonstrators, and product promoters",41-9011,Demonstrators and Product Promoters
4900,"Models, demonstrators, and product promoters",41-9012,Models
4920,Real estate brokers and sales agents,41-9021,Real Estate Brokers
4920,Real estate brokers and sales agents,41-9022,Real Estate Sales Agents
4930,Sales engineers,41-9031,Sales Engineers
4940,Telemarketers,41-9041,Telemarketers
4950,"Door-to-door sales workers, news and street vendors, and related workers",41-9091,"Door-to-Door Sales Workers, News and Street Vendors, and Related Workers"
4965,"Sales and related workers, all other",41-9099,"Sales and Related Workers, All Other"
5000,First-line supervisors of office and administrative support workers,43-1011,First-Line Supervisors of Office and Administrative Support Workers
5010,"Switchboard operators, including answering service",43-2011,"Switchboard Operators, Including Answering Service"
5020,Telephone operators,43-2021,Telephone Operators
5030,"Communications equipment operators, all other",43-2099,"Communications Equipment Operators, All Other"
5100,Bill and account collectors,43-3011,Bill and Account Collectors
5110,Billing and posting clerks,43-3021,Billing and Posting Clerks
5120,"Bookkeeping, accounting, and auditing clerks",43-3031,"Bookkeeping, Accounting, and Auditing Clerks"
5130,Gaming cage workers,43-3041,Gaming Cage Workers
5140,Payroll and timekeeping clerks,43-3051,Payroll and Timekeeping Clerks
5150,Procurement clerks,43-3061,Procurement Clerks
5160,Tellers,43-3071,Tellers
5165,"Financial clerks, all other",43-3099,"Financial Clerks, All Other"
5200,Brokerage clerks,43-4011,Brokerage Clerks
5210,Correspondence clerks,43-4021,Correspondence Clerks
5220,"Court, municipal, and license clerks",43-4031,"Court, Municipal, and License Clerks"
5230,"Credit authorizers, checkers, and clerks",43-4041,"Credit Authorizers, Checkers, and Clerks"
5240,Customer service representatives,43-4051,Customer Service Representatives
5250,"Eligibility interviewers, government programs",43-4061,"Eligibility Interviewers, Government Programs"
5260,File clerks,43-4071,File Clerks
5300,"Hotel, motel, and resort desk clerks",43-4081,"Hotel, Motel, and Resort Desk Clerks"
5310,"Interviewers, except eligibility and loan",43-4111,"Interviewers, Except Eligibility and Loan"
5320,"Library assistants, clerical",43-4121,"Library Assistants, Clerical"
5330,Loan interviewers and clerks,43-4131,Loan Interviewers and Clerks
5340,New accounts clerks,43-4141,New Accounts Clerks
5350,Order clerks,43-4151,Order Clerks
5360,"Human resources assistants, except payroll and timekeeping",43-4161,"Human Resources Assistants, Except Payroll and Timekeeping"
5400,Receptionists and information clerks,43-4171,Receptionists and Information Clerks
5410,Reservation and transportation ticket agents and travel clerks,43-4181,Reservation and Transportation Ticket Agents and Travel Clerks
5420,"Information and record clerks, all other",43-4199,"Information and Record Clerks, All Other"
5500,Cargo and freight agents,43-5011,Cargo and Freight Agents
5510,Couriers and messengers,43-5021,Couriers and Messengers
5520,Dispatchers,43-5031,"Police, Fire, and Ambulance Dispatchers"
5520,Dispatchers,43-5032,"Dispatchers, Except Police, Fire, and Ambulance"
5530,"Meter readers, utilities",43-5041,"Meter Readers, Utilities"
5540,Postal service clerks,43-5051,Postal Service Clerks
5550,Postal service mail carriers,43-5052,Postal Service Mail Carriers
5560,"Postal service mail sorters, processors, and processing machine operators",43-5053,"Postal Service Mail Sorters, Processors, and Processing Machine Operators"
5600,"Production, planning, and expediting clerks",43-5061,"Production, Planning, and Expediting Clerks"
5610,"Shipping, receiving, and traffic clerks",43-5071,"Shipping, Receiving, and Traffic Clerks"
5620,Stock clerks and order fillers,43-5081,Stock Clerks and Order Fillers
5630,"Weighers, measurers, checkers, and samplers, recordkeeping",43-5111,"Weighers, Measurers, Checkers, and Samplers, Recordkeeping"
5700,Secretaries and administrative assistants,43-6011,Executive Secretaries and Executive Administrative Assistants
5700,Secretaries and administrative assistants,43-6012,Legal Secretaries
5700,Secretaries and administrative assistants,43-6013,Medical Secretaries
5700,Secretaries and administrative assistants,43-6014,"Secretaries and Administrative Assistants, Except Legal, Medical, and Executive"
5800,Computer operators,43-9011,Computer Operators
5810,Data entry keyers,43-9021,Data Entry Keyers
5820,Word processors and typists,43-9022,Word Processors and Typists
5830,Desktop publishers,43-9031,Desktop Publishers
5840,Insurance claims and policy processing clerks,43-9041,Insurance Claims and Policy Processing Clerks
5850,"Mail clerks and mail machine operators, except postal service",43-9051,"Mail Clerks and Mail Machine Operators, Except Postal Service"
5860,"Office clerks, general",43-9061,"Office Clerks, General"
5900,"Office machine operators, except computer",43-9071,"Office Machine Operators, Except Computer"
5910,Proofreaders and copy markers,43-9081,Proofreaders and Copy Markers
5920,Statistical assistants,43-9111,Statistical Assistants
5940,"Office and administrative support workers, all other",43-9199,"Office and Administrative Support Workers, All Other"
6005,"First-line supervisors of farming, fishing, and forestry workers",45-1011,"First-Line Supervisors of Farming, Fishing, and Forestry Workers"
6010,Agricultural inspectors,45-2011,Agricultural Inspectors
6020,Animal breeders,45-2021,Animal Breeders
6040,"Graders and sorters, agricultural products",45-2041,"Graders and Sorters, Agricultural Products"
6050,Miscellaneous agricultural workers,45-2091,Agricultural Equipment Operators
6050,Miscellaneous agricultural workers,45-2092,"Farmworkers and Laborers, Crop, Nursery, and Greenhouse"
6050,Miscellaneous agricultural workers,45-2093,"Farmworkers, Farm, Ranch, and Aquacultural Animals"
6050,Miscellaneous agricultural workers,45-2099,"Agricultural Workers, All Other"
6100,Fishers and related fishing workers,45-3011,Fishers and Related Fishing Workers
6110,Hunters and trappers,45-3021,Hunters and Trappers
6120,Forest and conservation workers,45-4011,Forest and Conservation Workers
6130,Logging workers,45-4021,Fallers
6130,Logging workers,45-4022,Logging Equipment Operators
6130,Logging workers,45-4023,Log Graders and Scalers
6130,Logging workers,45-4029,"Logging Workers, All Other"
6200,First-line supervisors of construction trades and extraction workers,47-1011,First-Line Supervisors of Construction Trades and Extraction Workers
6210,Boilermakers,47-2011,Boilermakers
6220,"Brickmasons, blockmasons, and stonemasons",47-2021,Brickmasons and Blockmasons
6220,"Brickmasons, blockmasons, and stonemasons",47-2022,Stonemasons
6230,Carpenters,47-2031,Carpenters
6240,"Carpet, floor, and tile installers and finishers",47-2041,Carpet Installers
6240,"Carpet, floor, and tile installers and finishers",47-2042,"Floor Layers, Except Carpet, Wood, and Hard Tiles"
6240,"Carpet, floor, and tile installers and finishers",47-2043,Floor Sanders and Finishers
6240,"Carpet, floor, and tile installers and finishers",47-2044,Tile and Marble Setters
6250,"Cement masons, concrete finishers, and terrazzo workers",47-2051,Cement Masons and Concrete Finishers
6250,"Cement masons, concrete finishers, and terrazzo workers",47-2053,Terrazzo Workers and Finishers
6260,Construction laborers,47-2061,Construction Laborers
6300,"Paving, surfacing, and tamping equipment operators",47-2071,"Paving, Surfacing, and Tamping Equipment Operators"
6310,Pile-driver operators,47-2072,Pile-Driver Operators
6320,Operating engineers and other construction equipment operators,47-2073,Operating Engineers and Other Construction Equipment Operators
6330,"Drywall installers, ceiling tile installers, and tapers",47-2081,Drywall and Ceiling Tile Installers
6330,"Drywall installers, ceiling tile installers, and tapers",47-2082,Tapers
6355,Electricians,47-2111,Electricians
6360,Glaziers,47-2121,Glaziers
6400,Insulation workers,47-2131,"Insulation Workers, Floor, Ceiling, and Wall"
6400,Insulation workers,47-2132,"Insulation Workers, Mechanical"
6420,"Painters, construction and maintenance",47-2141,"Painters, Construction and Maintenance"
6430,Paperhangers,47-2142,Paperhangers
6440,"Pipelayers, plumbers, pipefitters, and steamfitters",47-2151,Pipelayers
6440,"Pipelayers, plumbers, pipefitters, and steamfitters",47-2152,"Plumbers, Pipefitters, and Steamfitters"
6460,Plasterers and stucco masons,47-2161,Plasterers and Stucco Masons
6500,Reinforcing iron and rebar workers,47-2171,Reinforcing Iron and Rebar Workers
6515,Roofers,47-2181,Roofers
6520,Sheet metal workers,47-2211,Sheet Metal Workers
6530,Structural iron and steel workers,47-2221,Structural Iron and Steel Workers
6540,Solar photovoltaic installers,47-2231,Solar Photovoltaic Installers
6600,"Helpers, construction trades",47-3011,"Helpers--Brickmasons, Blockmasons, Stonemasons, and Tile and Marble Setters"
6600,"Helpers, construction trades",47-3012,Helpers--Carpenters
6600,"Helpers, construction trades",47-3013,Helpers--Electricians
6600,"Helpers, construction trades",47-3014,"Helpers--Painters, Paperhangers, Plasterers, and Stucco Masons"
6600,"Helpers, construction trades",47-3015,"Helpers--Pipelayers, Plumbers, Pipefitters, and Steamfitters"
6600,"Helpers, construction trades",47-3016,Helpers--Roofers
6600,"Helpers, construction trades",47-3019,"Helpers, Construction Trades, All Other"
6660,Construction and building inspectors,47-4011,Construction and Building Inspectors
6700,Elevator installers and repairers,47-4021,Elevator Installers and Repairers
6710,Fence erectors,47-4031,Fence Erectors
6720,Hazardous materials removal workers,47-4041,Hazardous Materials Removal Workers
6730,Highway maintenance workers,47-4051,Highway Maintenance Workers
6740,Rail-track laying and maintenance equipment operators,47-4061,Rail-Track Laying and Maintenance Equipment Operators
6750,Septic tank servicers and sewer pipe cleaners,47-4071,Septic Tank Servicers and Sewer Pipe Cleaners
6765,Miscellaneous construction and related workers,47-4091,Segmental Pavers
6765,Miscellaneous construction and related workers,47-4099,"Construction and Related Workers, All Other"
6800,"Derrick, rotary drill, and service unit operators, oil, gas, and mining",47-5011,"Derrick Operators, Oil and Gas"
6800,"Derrick, rotary drill, and service unit operators, oil, gas, and mining",47-5012,"Rotary Drill Operators, Oil and Gas"
6800,"Derrick, rotary drill, and service unit operators, oil, gas, and mining",47-5013,"Service Unit Operators, Oil, Gas, and Mining"
6820,"Earth drillers, except oil and gas",47-5021,"Earth Drillers, Except Oil and Gas"
6830,"Explosives workers, ordnance handling experts, and blasters",47-5031,"Explosives Workers, Ordnance Handling Experts, and Blasters"
6840,Mining machine operators,47-5041,Continuous Mining Machine Operators
6840,Mining machine operators,47-5042,Mine Cutting and Channeling Machine Operators
6840,Mining machine operators,47-5049,"Mining Machine Operators, All Other"
6910,"Roof bolters, mining",47-5061,"Roof Bolters, Mining"
6920,"Roustabouts, oil and gas",47-5071,"Roustabouts, Oil and Gas"
6930,Helpersâ€”extraction workers,47-5081,Helpers--Extraction Workers
6940,Other extraction workers,47-5051,"Rock Splitters, Quarry"
6940,Other extraction workers,47-5099,"Extraction Workers, All Other"
7000,"First-line supervisors of mechanics, installers, and repairers",49-1011,"First-Line Supervisors of Mechanics, Installers, and Repairers"
7010,"Computer, automated teller, and office machine repairers",49-2011,"Computer, Automated Teller, and Office Machine Repairers"
7020,Radio and telecommunications equipment installers and repairers,49-2021,"Radio, Cellular, and Tower Equipment Installers and Repairs"
7020,Radio and telecommunications equipment installers and repairers,49-2022,"Telecommunications Equipment Installers and Repairers, Except Line Installers"
7030,Avionics technicians,49-2091,Avionics Technicians
7040,"Electric motor, power tool, and related repairers",49-2092,"Electric Motor, Power Tool, and Related Repairers"
7050,"Electrical and electronics installers and repairers, transportation equipment",49-2093,"Electrical and Electronics Installers and Repairers, Transportation Equipment"
7100,"Electrical and electronics repairers, industrial and utility",49-2094,"Electrical and Electronics Repairers, Commercial and Industrial Equipment"
7100,"Electrical and electronics repairers, industrial and utility",49-2095,"Electrical and Electronics Repairers, Powerhouse, Substation, and Relay"
7110,"Electronic equipment installers and repairers, motor vehicles",49-2096,"Electronic Equipment Installers and Repairers, Motor Vehicles"
7120,Electronic home entertainment equipment installers and repairers,49-2097,Electronic Home Entertainment Equipment Installers and Repairers
7130,Security and fire alarm systems installers,49-2098,Security and Fire Alarm Systems Installers
7140,Aircraft mechanics and service technicians,49-3011,Aircraft Mechanics and Service Technicians
7150,Automotive body and related repairers,49-3021,Automotive Body and Related Repairers
7160,Automotive glass installers and repairers,49-3022,Automotive Glass Installers and Repairers
7200,Automotive service technicians and mechanics,49-3023,Automotive Service Technicians and Mechanics
7210,Bus and truck mechanics and diesel engine specialists,49-3031,Bus and Truck Mechanics and Diesel Engine Specialists
7220,Heavy vehicle and mobile equipment service technicians and mechanics,49-3041,Farm Equipment Mechanics and Service Technicians
7220,Heavy vehicle and mobile equipment service technicians and mechanics,49-3042,"Mobile Heavy Equipment Mechanics, Except Engines"
7220,Heavy vehicle and mobile equipment service technicians and mechanics,49-3043,Rail Car Repairers
7240,Small engine mechanics,49-3051,Motorboat Mechanics and Service Technicians
7240,Small engine mechanics,49-3052,Motorcycle Mechanics
7240,Small engine mechanics,49-3053,Outdoor Power Equipment and Other Small Engine Mechanics
7260,"Miscellaneous vehicle and mobile equipment mechanics, installers, and repairers",49-3091,Bicycle Repairers
7260,"Miscellaneous vehicle and mobile equipment mechanics, installers, and repairers",49-3092,Recreational Vehicle Service Technicians
7260,"Miscellaneous vehicle and mobile equipment mechanics, installers, and repairers",49-3093,Tire Repairers and Changers
7300,Control and valve installers and repairers,49-9011,Mechanical Door Repairers
7300,Control and valve installers and repairers,49-9012,"Control and Valve Installers and Repairers, Except Mechanical Door"
7315,"Heating, air conditioning, and refrigeration mechanics and installers",49-9021,"Heating, Air Conditioning, and Refrigeration Mechanics and Installers"
7320,Home appliance repairers,49-9031,Home Appliance Repairers
7330,Industrial and refractory machinery mechanics,49-9041,Industrial Machinery Mechanics
7330,Industrial and refractory machinery mechanics,49-9045,"Refractory Materials Repairers, Except Brickmasons"
7340,"Maintenance and repair workers, general",49-9071,"Maintenance and Repair Workers, General"
7350,"Maintenance workers, machinery",49-9043,"Maintenance Workers, Machinery"
7360,Millwrights,49-9044,Millwrights
7410,Electrical power-line installers and repairers,49-9051,Electrical Power-Line Installers and Repairers
7420,Telecommunications line installers and repairers,49-9052,Telecommunications Line Installers and Repairers
7430,Precision instrument and equipment repairers,49-9061,Camera and Photographic Equipment Repairers
7430,Precision instrument and equipment repairers,49-9062,Medical Equipment Repairers
7430,Precision instrument and equipment repairers,49-9063,Musical Instrument Repairers and Tuners
7430,Precision instrument and equipment repairers,49-9064,Watch Repairers
7430,Precision instrument and equipment repairers,49-9069,"Precision Instrument and Equipment Repairers, All Other"
7440,Wind turbine service technicians,49-9081,Wind Turbine Service Technicians
7510,"Coin, vending, and amusement machine servicers and repairers",49-9091,"Coin, Vending, and Amusement Machine Servicers and Repairers"
7520,Commercial divers,49-9092,Commercial Divers
7540,Locksmiths and safe repairers,49-9094,Locksmiths and Safe Repairers
7550,Manufactured building and mobile home installers,49-9095,Manufactured Building and Mobile Home Installers
7560,Riggers,49-9096,Riggers
7600,Signal and track switch repairers,49-9097,Signal and Track Switch Repairers
7610,"Helpersâ€”installation, maintenance, and repair workers",49-9098,"Helpers--Installation, Maintenance, and Repair Workers"
7630,"Other installation, maintenance, and repair workers",49-9093,"Fabric Menders, Except Garment"
7630,"Other installation, maintenance, and repair workers",49-9099,"Installation, Maintenance, and Repair Workers, All Other"
7700,First-line supervisors of production and operating workers,51-1011,First-Line Supervisors of Production and Operating Workers
7710,"Aircraft structure, surfaces, rigging, and systems assemblers",51-2011,"Aircraft Structure, Surfaces, Rigging, and Systems Assemblers"
7720,"Electrical, electronics, and electromechanical assemblers",51-2021,"Coil Winders, Tapers, and Finishers"
7720,"Electrical, electronics, and electromechanical assemblers",51-2022,Electrical and Electronic Equipment Assemblers
7720,"Electrical, electronics, and electromechanical assemblers",51-2023,Electromechanical Equipment Assemblers
7730,Engine and other machine assemblers,51-2031,Engine and Other Machine Assemblers
7740,Structural metal fabricators and fitters,51-2041,Structural Metal Fabricators and Fitters
7750,Miscellaneous assemblers and fabricators,51-2091,Fiberglass Laminators and Fabricators
7750,Miscellaneous assemblers and fabricators,51-2092,Team Assemblers
7750,Miscellaneous assemblers and fabricators,51-2093,Timing Device Assemblers and Adjusters
7750,Miscellaneous assemblers and fabricators,51-2099,"Assemblers and Fabricators, All Other"
7800,Bakers,51-3011,Bakers
7810,"Butchers and other meat, poultry, and fish processing workers",51-3021,Butchers and Meat Cutters
7810,"Butchers and other meat, poultry, and fish processing workers",51-3022,"Meat, Poultry, and Fish Cutters and Trimmers"
7810,"Butchers and other meat, poultry, and fish processing workers",51-3023,Slaughterers and Meat Packers
7830,"Food and tobacco roasting, baking, and drying machine operators and tenders",51-3091,"Food and Tobacco Roasting, Baking, and Drying Machine Operators and Tenders"
7840,Food batchmakers,51-3092,Food Batchmakers
7850,Food cooking machine operators and tenders,51-3093,Food Cooking Machine Operators and Tenders
7855,"Food processing workers, all other",51-3099,"Food Processing Workers, All Other"
7900,Computer control programmers and operators,51-4011,"Computer-Controlled Machine Tool Operators, Metal and Plastic"
7900,Computer control programmers and operators,51-4012,"Computer Numerically Controlled Machine Tool Programmers, Metal and Plastic"
7920,"Extruding and drawing machine setters, operators, and tenders, metal and plastic",51-4021,"Extruding and Drawing Machine Setters, Operators, and Tenders, Metal and Plastic"
7930,"Forging machine setters, operators, and tenders, metal and plastic",51-4022,"Forging Machine Setters, Operators, and Tenders, Metal and Plastic"
7940,"Rolling machine setters, operators, and tenders, metal and plastic",51-4023,"Rolling Machine Setters, Operators, and Tenders, Metal and Plastic"
7950,"Cutting, punching, and press machine setters, operators, and tenders, metal and plastic",51-4031,"Cutting, Punching, and Press Machine Setters, Operators, and Tenders, Metal and Plastic"
7960,"Drilling and boring machine tool setters, operators, and tenders, metal and plastic",51-4032,"Drilling and Boring Machine Tool Setters, Operators, and Tenders, Metal and Plastic"
8000,"Grinding, lapping, polishing, and buffing machine tool setters, operators, and tenders, metal and plastic",51-4033,"Grinding, Lapping, Polishing, and Buffing Machine Tool Setters, Operators, and Tenders, Metal and Plastic"
8010,"Lathe and turning machine tool setters, operators, and tenders, metal and plastic",51-4034,"Lathe and Turning Machine Tool Setters, Operators, and Tenders, Metal and Plastic"
8020,"Milling and planing machine setters, operators, and tenders, metal and plastic",51-4035,"Milling and Planing Machine Setters, Operators, and Tenders, Metal and Plastic"
8030,Machinists,51-4041,Machinists
8040,"Metal furnace operators, tenders, pourers, and casters",51-4051,Metal-Refining Furnace Operators and Tenders
8040,"Metal furnace operators, tenders, pourers, and casters",51-4052,"Pourers and Casters, Metal"
8060,"Model makers and patternmakers, metal and plastic",51-4061,"Model Makers, Metal and Plastic"
8060,"Model makers and patternmakers, metal and plastic",51-4062,"Patternmakers, Metal and Plastic"
8100,"Molders and molding machine setters, operators, and tenders, metal and plastic",51-4071,Foundry Mold and Coremakers
8100,"Molders and molding machine setters, operators, and tenders, metal and plastic",51-4072,"Molding, Coremaking, and Casting Machine Setters, Operators, and Tenders, Metal and Plastic"
8120,"Multiple machine tool setters, operators, and tenders, metal and plastic",51-4081,"Multiple Machine Tool Setters, Operators, and Tenders, Metal and Plastic"
8130,Tool and die makers,51-4111,Tool and Die Makers
8140,"Welding, soldering, and brazing workers",51-4121,"Welders, Cutters, Solderers, and Brazers"
8140,"Welding, soldering, and brazing workers",51-4122,"Welding, Soldering, and Brazing Machine Setters, Operators, and Tenders"
8150,"Heat treating equipment setters, operators, and tenders, metal and plastic",51-4191,"Heat Treating Equipment Setters, Operators, and Tenders, Metal and Plastic"
8160,"Layout workers, metal and plastic",51-4192,"Layout Workers, Metal and Plastic"
8200,"Plating and coating machine setters, operators, and tenders, metal and plastic",51-4193,"Plating and Coating Machine Setters, Operators, and Tenders, Metal and Plastic"
8210,"Tool grinders, filers, and sharpeners",51-4194,"Tool Grinders, Filers, and Sharpeners"
8220,"Metal workers and plastic workers, all other",51-4199,"Metal Workers and Plastic Workers, All Other"
8250,Prepress technicians and workers,51-5111,Prepress Technicians and Workers
8255,Printing press operators,51-5112,Printing Press Operators
8256,Print binding and finishing workers,51-5113,Print Binding and Finishing Workers
8300,Laundry and dry-cleaning workers,51-6011,Laundry and Dry-Cleaning Workers
8310,"Pressers, textile, garment, and related materials",51-6021,"Pressers, Textile, Garment, and Related Materials"
8320,Sewing machine operators,51-6031,Sewing Machine Operators
8330,Shoe and leather workers and repairers,51-6041,Shoe and Leather Workers and Repairers
8340,Shoe machine operators and tenders,51-6042,Shoe Machine Operators and Tenders
8350,"Tailors, dressmakers, and sewers",51-6051,"Sewers, Hand"
8350,"Tailors, dressmakers, and sewers",51-6052,"Tailors, Dressmakers, and Custom Sewers"
8360,Textile bleaching and dyeing machine operators and tenders,51-6061,Textile Bleaching and Dyeing Machine Operators and Tenders
8400,"Textile cutting machine setters, operators, and tenders",51-6062,"Textile Cutting Machine Setters, Operators, and Tenders"
8410,"Textile knitting and weaving machine setters, operators, and tenders",51-6063,"Textile Knitting and Weaving Machine Setters, Operators, and Tenders"
8420,"Textile winding, twisting, and drawing out machine setters, operators, and tenders",51-6064,"Textile Winding, Twisting, and Drawing Out Machine Setters, Operators, and Tenders"
8430,"Extruding and forming machine setters, operators, and tenders, synthetic and glass fibers",51-6091,"Extruding and Forming Machine Setters, Operators, and Tenders, Synthetic and Glass Fibers"
8440,Fabric and apparel patternmakers,51-6092,Fabric and Apparel Patternmakers
8450,Upholsterers,51-6093,Upholsterers
8460,"Textile, apparel, and furnishings workers, all other",51-6099,"Textile, Apparel, and Furnishings Workers, All Other"
8500,Cabinetmakers and bench carpenters,51-7011,Cabinetmakers and Bench Carpenters
8510,Furniture finishers,51-7021,Furniture Finishers
8520,"Model makers and patternmakers, wood",51-7031,"Model Makers, Wood"
8520,"Model makers and patternmakers, wood",51-7032,"Patternmakers, Wood"
8530,"Sawing machine setters, operators, and tenders, wood",51-7041,"Sawing Machine Setters, Operators, and Tenders, Wood"
8540,"Woodworking machine setters, operators, and tenders, except sawing",51-7042,"Woodworking Machine Setters, Operators, and Tenders, Except Sawing"
8550,"Woodworkers, all other",51-7099,"Woodworkers, All Other"
8600,"Power plant operators, distributors, and dispatchers",51-8011,Nuclear Power Reactor Operators
8600,"Power plant operators, distributors, and dispatchers",51-8012,Power Distributors and Dispatchers
8600,"Power plant operators, distributors, and dispatchers",51-8013,Power Plant Operators
8610,Stationary engineers and boiler operators,51-8021,Stationary Engineers and Boiler Operators
8620,Water and wastewater treatment plant and system operators,51-8031,Water and Wastewater Treatment Plant and System Operators
8630,Miscellaneous plant and system operators,51-8091,Chemical Plant and System Operators
8630,Miscellaneous plant and system operators,51-8092,Gas Plant Operators
8630,Miscellaneous plant and system operators,51-8093,"Petroleum Pump System Operators, Refinery Operators, and Gaugers"
8630,Miscellaneous plant and system operators,51-8099,"Plant and System Operators, All Other"
8640,"Chemical processing machine setters, operators, and tenders",51-9011,Chemical Equipment Operators and Tenders
8640,"Chemical processing machine setters, operators, and tenders",51-9012,"Separating, Filtering, Clarifying, Precipitating, and Still Machine Setters, Operators, and Tenders"
8650,"Crushing, grinding, polishing, mixing, and blending workers",51-9021,"Crushing, Grinding, and Polishing Machine Setters, Operators, and Tenders"
8650,"Crushing, grinding, polishing, mixing, and blending workers",51-9022,"Grinding and Polishing Workers, Hand"
8650,"Crushing, grinding, polishing, mixing, and blending workers",51-9023,"Mixing and Blending Machine Setters, Operators, and Tenders"
8710,Cutting workers,51-9031,"Cutters and Trimmers, Hand"
8710,Cutting workers,51-9032,"Cutting and Slicing Machine Setters, Operators, and Tenders"
8720,"Extruding, forming, pressing, and compacting machine setters, operators, and tenders",51-9041,"Extruding, Forming, Pressing, and Compacting Machine Setters, Operators, and Tenders"
8730,"Furnace, kiln, oven, drier, and kettle operators and tenders",51-9051,"Furnace, Kiln, Oven, Drier, and Kettle Operators and Tenders"
8740,"Inspectors, testers, sorters, samplers, and weighers",51-9061,"Inspectors, Testers, Sorters, Samplers, and Weighers"
8750,Jewelers and precious stone and metal workers,51-9071,Jewelers and Precious Stone and Metal Workers
8760,"Medical, dental, and ophthalmic laboratory technicians",51-9081,Dental Laboratory Technicians
8760,"Medical, dental, and ophthalmic laboratory technicians",51-9082,Medical Appliance Technicians
8760,"Medical, dental, and ophthalmic laboratory technicians",51-9083,Ophthalmic Laboratory Technicians
8800,Packaging and filling machine operators and tenders,51-9111,Packaging and Filling Machine Operators and Tenders
8810,Painting workers,51-9121,"Coating, Painting, and Spraying Machine Setters, Operators, and Tenders"
8810,Painting workers,51-9122,"Painters, Transportation Equipment"
8810,Painting workers,51-9123,"Painting, Coating, and Decorating Workers"
8830,Photographic process workers and processing machine operators,51-9151,Photographic Process Workers and Processing Machine Operators
8840,Semiconductor processors,51-9141,Semiconductor Processors
8850,Adhesive bonding machine operators and tenders,51-9191,Adhesive Bonding Machine Operators and Tenders
8860,"Cleaning, washing, and metal pickling equipment operators and tenders",51-9192,"Cleaning, Washing, and Metal Pickling Equipment Operators and Tenders"
8900,Cooling and freezing equipment operators and tenders,51-9193,Cooling and Freezing Equipment Operators and Tenders
8910,Etchers and engravers,51-9194,Etchers and Engravers
8920,"Molders, shapers, and casters, except metal and plastic",51-9195,"Molders, Shapers, and Casters, Except Metal and Plastic"
8930,"Paper goods machine setters, operators, and tenders",51-9196,"Paper Goods Machine Setters, Operators, and Tenders"
8940,Tire builders,51-9197,Tire Builders
8950,Helpersâ€”production workers,51-9198,Helpers--Production Workers
8965,"Production workers, all other",51-9199,"Production Workers, All Other"
9000,Supervisors of transportation and material moving workers,53-1011,Aircraft Cargo Handling Supervisors
9000,Supervisors of transportation and material moving workers,53-1021,"First-Line Supervisors of Helpers, Laborers, and Material Movers, Hand"
9000,Supervisors of transportation and material moving workers,53-1031,First-Line Supervisors of Transportation and Material-Moving Machine and Vehicle Operators
9030,Aircraft pilots and flight engineers,53-2011,"Airline Pilots, Copilots, and Flight Engineers"
9030,Aircraft pilots and flight engineers,53-2012,Commercial Pilots
9040,Air traffic controllers and airfield operations specialists,53-2021,Air Traffic Controllers
9040,Air traffic controllers and airfield operations specialists,53-2022,Airfield Operations Specialists
9050,Flight attendants,53-2031,Flight Attendants
9110,"Ambulance drivers and attendants, except emergency medical technicians",53-3011,"Ambulance Drivers and Attendants, Except Emergency Medical Technicians"
9120,Bus drivers,53-3021,"Bus Drivers, Transit and Intercity"
9120,Bus drivers,53-3022,"Bus Drivers, School or Special Client"
9130,Driver/sales workers and truck drivers,53-3031,Driver/Sales Workers
9130,Driver/sales workers and truck drivers,53-3032,Heavy and Tractor-Trailer Truck Drivers
9130,Driver/sales workers and truck drivers,53-3033,Light Truck or Delivery Services Drivers
9140,Taxi drivers and chauffeurs,53-3041,Taxi Drivers and Chauffeurs
9150,"Motor vehicle operators, all other",53-3099,"Motor Vehicle Operators, All Other"
9200,Locomotive engineers and operators,53-4011,Locomotive Engineers
9200,Locomotive engineers and operators,53-4012,Locomotive Firers
9200,Locomotive engineers and operators,53-4013,"Rail Yard Engineers, Dinkey Operators, and Hostlers"
9230,"Railroad brake, signal, and switch operators",53-4021,"Railroad Brake, Signal, and Switch Operators"
9240,Railroad conductors and yardmasters,53-4031,Railroad Conductors and Yardmasters
9260,"Subway, streetcar, and other rail transportation workers",53-4041,Subway and Streetcar Operators
9260,"Subway, streetcar, and other rail transportation workers",53-4099,"Rail Transportation Workers, All Other"
9300,Sailors and marine oilers,53-5011,Sailors and Marine Oilers
9310,Ship and boat captains and operators,53-5021,"Captains, Mates, and Pilots of Water Vessels"
9310,Ship and boat captains and operators,53-5022,Motorboat Operators
9330,Ship engineers,53-5031,Ship Engineers
9340,Bridge and lock tenders,53-6011,Bridge and Lock Tenders
9350,Parking lot attendants,53-6021,Parking Lot Attendants
9360,Automotive and watercraft service attendants,53-6031,Automotive and Watercraft Service Attendants
9410,Transportation inspectors,53-6051,Transportation Inspectors
9415,"Transportation attendants, except flight attendants",53-6061,"Transportation Attendants, Except Flight Attendants"
9420,Other transportation workers,53-6041,Traffic Technicians
9420,Other transportation workers,53-6099,"Transportation Workers, All Other"
9500,Conveyor operators and tenders,53-7011,Conveyor Operators and Tenders
9510,Crane and tower operators,53-7021,Crane and Tower Operators
9520,"Dredge, excavating, and loading machine operators",53-7031,Dredge Operators
9520,"Dredge, excavating, and loading machine operators",53-7032,Excavating and Loading Machine and Dragline Operators
9520,"Dredge, excavating, and loading machine operators",53-7033,"Loading Machine Operators, Underground Mining"
9560,Hoist and winch operators,53-7041,Hoist and Winch Operators
9600,Industrial truck and tractor operators,53-7051,Industrial Truck and Tractor Operators
9610,Cleaners of vehicles and equipment,53-7061,Cleaners of Vehicles and Equipment
9620,"Laborers and freight, stock, and material movers, hand",53-7062,"Laborers and Freight, Stock, and Material Movers, Hand"
9630,Machine feeders and offbearers,53-7063,Machine Feeders and Offbearers
9640,"Packers and packagers, hand",53-7064,"Packers and Packagers, Hand"
9650,Pumping station operators,53-7071,Gas Compressor and Gas Pumping Station Operators
9650,Pumping station operators,53-7072,"Pump Operators, Except Wellhead Pumpers"
9650,Pumping station operators,53-7073,Wellhead Pumpers
9720,Refuse and recyclable material collectors,53-7081,Refuse and Recyclable Material Collectors
9730,Mine shuttle car operators,53-7111,Mine Shuttle Car Operators
9740,"Tank car, truck, and ship loaders",53-7121,"Tank Car, Truck, and Ship Loaders"
9750,"Material moving workers, all other",53-7199,"Material Moving Workers, All Other"
