census2000,title,soc2010,soc2010_title
001,Chief Executives,11-1011,Chief Executives
002,General and Operations Managers,11-1021,General and Operations Managers
003,Legislators,11-1031,Legislators
004,Advertising and Promotions Managers,11-2011,Advertising and Promotions Managers
005,Marketing and Sales Managers,11-2021,Marketing Managers
005,Marketing and Sales Managers,11-2022,Sales Managers
006,Public Relations Managers,11-2031,Public Relations and Fundraising Managers
010,Administrative Services Managers,11-3011,Administrative Services Managers
011,Computer and Information Systems Managers,11-3021,Computer and Information Systems Managers
012,Financial Managers,11-3031,Financial Managers
013,Human Resources Managers,11-3111,Compensation and Benefits Managers
013,Human Resources Managers,11-3121,Human Resources Managers
013,Human Resources Managers,11-3131,Training and Development Managers
014,Industrial Production Managers,11-3051,Industrial Production Managers
015,Purchasing Managers,11-3061,Purchasing Managers
016,"Transportation, Storage, and Distribution Managers",11-3071,"Transportation, Storage, and Distribution Managers"
020,"Farm, Ranch, and Other Agricultural Managers",11-9013,"Farmers, Ranchers, and Other Agricultural Managers**"
021,Farmers and Ranchers,11-9013,"Farmers, Ranchers, and Other Agricultural Managers**"
022,Construction Managers,11-9021,Construction Managers
023,Education Administrators,11-9031,"Education Administrators, Preschool and Childcare Center/Program"
023,Education Administrators,11-9032,"Education Administrators, Elementary and Secondary School"
023,Education Administrators,11-9033,"Education Administrators, Postsecondary"
023,Education Administrators,11-9039,"Education Administrators, All Other"
030,Engineering Managers,11-9041,Architectural and Engineering Managers
031,Food Service Managers,11-9051,Food Service Managers
032,Funeral Directors,11-9061,Funeral Service Managers
032,Funeral Directors,39-4031,"Morticians, Undertakers, and Funeral Directors"
033,Gaming Managers,11-9071,Gaming Managers
034,Lodging Managers,11-9081,Lodging Managers
035,Medical and Health Services Managers,11-9111,Medical and Health Services Managers
036,Natural Sciences Managers,11-9121,Natural Sciences Managers
040,Postmasters and Mail Superintendents,11-9131,Postmasters and Mail Superintendents
041,"Property, Real Estate, and Community Association Managers",11-9141,"Property, Real Estate, and Community Association Managers"
042,Social and Community Service Managers,11-9151,Social and Community Service Managers
043,"Managers, All Other",11-9199,"Managers, All Other"
050,"Agents and Business Managers of Artists, Performers, and Athletes",13-1011,"Agents and Business Managers of Artists, Performers, and Athletes"
051,"Purchasing Agents and Buyers, Farm Products",13-1021,"Buyers and Purchasing Agents, Farm Products"
052,"Wholesale and Retail Buyers, Except Farm Products",13-1022,"Wholesale and Retail Buyers, Except Farm Products"
053,"Purchasing Agents, Except Wholesale, Retail, and Farm Products",13-1023,"Purchasing Agents, Except Wholesale, Retail, and Farm Products"
054,"Claims Adjusters, Appraisers, Examiners, and Investigators",13-1031,"Claims Adjusters, Examiners, and Investigators"
054,"Claims Adjusters, Appraisers, Examiners, and Investigators",13-1032,"Insurance Appraisers, Auto Damage"
056,"Compliance Officers, Except Agriculture, Construction, Health and Safety, and Transportation",13-1041,Compliance Officers
056,"Compliance Officers, Except Agriculture, Construction, Health and Safety, and Transportation",33-9093,Transportation Security Screeners**
060,Cost Estimators,13-1051,Cost Estimators
062,"Human Resources, Training, and Labor Relations Specialists",13-1071,Human Resources Specialists**
062,"Human Resources, Training, and Labor Relations Specialists",13-1075,Labor Relations Specialists
062,"Human Resources, Training, and Labor Relations Specialists",13-1141,"Compensation, Benefits, and Job Analysis Specialists"
062,"Human Resources, Training, and Labor Relations Specialists",13-1151,Training and Development Specialists
070,Logisticians,13-1081,Logisticians
071,Management Analysts,13-1111,Management Analysts
072,Meeting and Convention Planners,13-1121,"Meeting, Convention, and Event Planners**"
073,Other Business Operations Specialists,11-9161,Emergency Management Directors
073,Other Business Operations Specialists,13-1121,"Meeting, Convention, and Event Planners**"
073,Other Business Operations Specialists,13-1161,Market Research Analysts and Marketing Specialists**
073,Other Business Operations Specialists,13-1199,"Business Operations Specialists, All Other"
080,Accountants and Auditors,13-2011,Accountants and Auditors
081,Appraisers and Assessors of Real Estate,13-2021,Appraisers and Assessors of Real Estate
082,Budget Analysts,13-2031,Budget Analysts
083,Credit Analysts,13-2041,Credit Analysts
084,Financial Analysts,13-2051,Financial Analysts
085,Personal Financial Advisors,13-2052,Personal Financial Advisors
086,Insurance Underwriters,13-2053,Insurance Underwriters
090,Financial Examiners,13-2061,Financial Examiners
091,Loan Counselors and Officers,13-2071,Credit Counselors
091,Loan Counselors and Officers,13-2072,Loan Officers
093,"Tax Examiners, Collectors, and Revenue Agents",13-2081,"Tax Examiners and Collectors, and Revenue Agents"
094,Tax Preparers,13-2082,Tax Preparers
095,"Financial Specialists, All Other",13-2099,"Financial Specialists, All Other"
100,Computer Scientists and Systems Analysts,15-1111,Computer and Information Research Scientists
100,Computer Scientists and Systems Analysts,15-1121,Computer Systems Analysts
100,Computer Scientists and Systems Analysts,15-1143,Computer Network Architects**
100,Computer Scientists and Systems Analysts,15-1199,"Computer Occupations, All Other"
101,Computer Programmers,15-1131,Computer Programmers
102,Computer Software Engineers,15-1132,"Software Developers, Applications"
102,Computer Software Engineers,15-1133,"Software Developers, Systems Software"
104,Computer Support Specialists,15-1151,Computer User Support Specialists
106,Database Administrators,15-1141,Database Administrators
110,Network and Computer Systems Administrators,15-1142,Network and Computer Systems Administrators**
111,Network Systems and Data Communications Analysts,15-1122,Information Security Analysts
111,Network Systems and Data Communications Analysts,15-1134,Web Developers
111,Network Systems and Data Communications Analysts,15-1142,Network and Computer Systems Administrators**
111,Network Systems and Data Communications Analysts,15-1143,Computer Network Architects**
111,Network Systems and Data Communications Analysts,15-1152,Computer Network Support Specialists
120,Actuaries,15-2011,Actuaries
121,Mathematicians,15-2021,Mathematicians
122,Operations Research Analysts,15-2031,Operations Research Analysts
123,Statisticians,15-2041,Statisticians
124,Miscellaneous Mathematical Science Occupations,15-2091,Mathematical Technicians
124,Miscellaneous Mathematical Science Occupations,15-2099,"Mathematical Science Occupations, All Other"
130,"Architects, Except Naval",17-1011,"Architects, Except Landscape and Naval"
130,"Architects, Except Naval",17-1012,Landscape Architects
131,"Surveyors, Cartographers, and Photogrammetrists",17-1021,Cartographers and Photogrammetrists
131,"Surveyors, Cartographers, and Photogrammetrists",17-1022,Surveyors
132,Aerospace Engineers,17-2011,Aerospace Engineers
133,Agricultural Engineers,17-2021,Agricultural Engineers
134,Biomedical Engineers,17-2031,Biomedical Engineers
135,Chemical Engineers,17-2041,Chemical Engineers
136,Civil Engineers,17-2051,Civil Engineers
140,Computer Hardware Engineers,17-2061,Computer Hardware Engineers
141,Electrical and Electronics Engineers,17-2071,Electrical Engineers
141,Electrical and Electronics Engineers,17-2072,"Electronics Engineers, Except Computer"
142,Environmental Engineers,17-2081,Environmental Engineers
143,"Industrial Engineers, Including Health and Safety",17-2111,"Health and Safety Engineers, Except Mining Safety Engineers and Inspectors"
143,"Industrial Engineers, Including Health and Safety",17-2112,Industrial Engineers
144,Marine Engineers and Naval Architects,17-2121,Marine Engineers and Naval Architects
145,Materials Engineers,17-2131,Materials Engineers
146,Mechanical Engineers,17-2141,Mechanical Engineers
150,"Mining and Geological Engineers, Including Mining Safety Engineers",17-2151,"Mining and Geological Engineers, Including Mining Safety Engineers"
151,Nuclear Engineers,17-2161,Nuclear Engineers
152,Petroleum Engineers,17-2171,Petroleum Engineers
153,"Engineers, All Other",17-2199,"Engineers, All Other"
154,Drafters,17-3011,Architectural and Civil Drafters
154,Drafters,17-3012,Electrical and Electronics Drafters
154,Drafters,17-3013,Mechanical Drafters
154,Drafters,17-3019,"Drafters, All Other"
155,"Engineering Technicians, Except Drafters",17-3021,Aerospace Engineering and Operations Technicians
155,"Engineering Technicians, Except Drafters",17-3022,Civil Engineering Technicians
155,"Engineering Technicians, Except Drafters",17-3023,Electrical and Electronics Engineering Technicians
155,"Engineering Technicians, Except Drafters",17-3024,Electro-Mechanical Technicians
155,"Engineering Technicians, Except Drafters",17-3025,Environmental Engineering Technicians
155,"Engineering Technicians, Except Drafters",17-3026,Industrial Engineering Technicians
155,"Engineering Technicians, Except Drafters",17-3027,Mechanical Engineering Technicians
155,"Engineering Technicians, Except Drafters",17-3029,"Engineering Technicians, Except Drafters, All Other"
156,Surveying and Mapping Technicians,17-3031,Surveying and Mapping Technicians
160,Agricultural and Food Scientists,19-1011,Animal Scientists
160,Agricultural and Food Scientists,19-1012,Food Scientists and Technologists
160,Agricultural and Food Scientists,19-1013,Soil and Plant Scientists
161,Biological Scientists,19-1021,Biochemists and Biophysicists
161,Biological Scientists,19-1022,Microbiologists
161,Biological Scientists,19-1023,Zoologists and Wildlife Biologists
161,Biological Scientists,19-1029,"Biological Scientists, All Other"
164,Conservation Scientists and Foresters,19-1031,Conservation Scientists
164,Conservation Scientists and Foresters,19-1032,Foresters
165,Medical Scientists,19-1041,Epidemiologists
165,Medical Scientists,19-1042,"Medical Scientists, Except Epidemiologists"
170,Astronomers and Physicists,19-2011,Astronomers
170,Astronomers and Physicists,19-2012,Physicists
171,Atmospheric and Space Scientists,19-2021,Atmospheric and Space Scientists
172,Chemists and Materials Scientists,19-2031,Chemists
172,Chemists and Materials Scientists,19-2032,Materials Scientists
174,Environmental Scientists and Geoscientists,19-2041,"Environmental Scientists and Specialists, Including Health"
174,Environmental Scientists and Geoscientists,19-2042,"Geoscientists, Except Hydrologists and Geographers"
174,Environmental Scientists and Geoscientists,19-2043,Hydrologists
176,"Physical Scientists, All Other",19-2099,"Physical Scientists, All Other"
180,Economists,19-3011,Economists
181,Market and Survey Researchers,13-1161,Market Research Analysts and Marketing Specialists**
181,Market and Survey Researchers,19-3022,Survey Researchers
182,Psychologists,19-3031,"Clinical, Counseling, and School Psychologists"
182,Psychologists,19-3032,Industrial-Organizational Psychologists
182,Psychologists,19-3039,"Psychologists, All Other"
183,Sociologists,19-3041,Sociologists
184,Urban and Regional Planners,19-3051,Urban and Regional Planners
186,Miscellaneous Social Scientists and Related Workers,19-3091,Anthropologists and Archeologists
186,Miscellaneous Social Scientists and Related Workers,19-3092,Geographers
186,Miscellaneous Social Scientists and Related Workers,19-3093,Historians
186,Miscellaneous Social Scientists and Related Workers,19-3094,Political Scientists
186,Miscellaneous Social Scientists and Related Workers,19-3099,"Social Scientists and Related Workers, All Other"
190,Agricultural and Food Science Technicians,19-4011,Agricultural and Food Science Technicians
191,Biological Technicians,19-4021,Biological Technicians
192,Chemical Technicians,19-4031,Chemical Technicians
193,Geological and Petroleum Technicians,19-4041,Geological and Petroleum Technicians
194,Nuclear Technicians,19-4051,Nuclear Technicians
196,"Other Life, Physical, and Social Science Technicians",19-4061,Social Science Research Assistants
196,"Other Life, Physical, and Social Science Technicians",19-4091,"Environmental Science and Protection Technicians, Including Health"
196,"Other Life, Physical, and Social Science Technicians",19-4092,Forensic Science Technicians
196,"Other Life, Physical, and Social Science Technicians",19-4093,Forest and Conservation Technicians
196,"Other Life, Physical, and Social Science Technicians",19-4099,"Life, Physical, and Social Science Technicians, All Other"
200,Counselors,21-1011,Substance Abuse and Behavioral Disorder Counselors
200,Counselors,21-1012,"Educational, Guidance, School, and Vocational Counselors"
200,Counselors,21-1013,Marriage and Family Therapists
200,Counselors,21-1014,Mental Health Counselors
200,Counselors,21-1015,Rehabilitation Counselors
200,Counselors,21-1019,"Counselors, All Other"
201,Social Workers,21-1021,"Child, Family, and School Social Workers"
201,Social Workers,21-1022,Healthcare Social Workers
201,Social Workers,21-1023,Mental Health and Substance Abuse Social Workers
201,Social Workers,21-1029,"Social Workers, All Other"
202,Miscellaneous Community and Social Service Specialists,21-1091,Health Educators
202,Miscellaneous Community and Social Service Specialists,21-1092,Probation Officers and Correctional Treatment Specialists
202,Miscellaneous Community and Social Service Specialists,21-1093,Social and Human Service Assistants
202,Miscellaneous Community and Social Service Specialists,21-1094,Community Health Workers**
202,Miscellaneous Community and Social Service Specialists,21-1099,"Community and Social Service Specialists, All Other"
204,Clergy,21-2011,Clergy
205,"Directors, Religious Activities and Education",21-2021,"Directors, Religious Activities and Education"
206,"Religious Workers, All Other",21-2099,"Religious Workers, All Other"
210,Lawyers,23-1011,Lawyers
211,"Judges, Magistrates, and Other Judicial Workers",23-1021,"Administrative Law Judges, Adjudicators, and Hearing Officers"
211,"Judges, Magistrates, and Other Judicial Workers",23-1022,"Arbitrators, Mediators, and Conciliators"
211,"Judges, Magistrates, and Other Judicial Workers",23-1023,"Judges, Magistrate Judges, and Magistrates"
214,Paralegals and Legal Assistants,23-2011,Paralegals and Legal Assistants**
215,Miscellaneous Legal Support Workers,23-1012,Judicial Law Clerks
215,Miscellaneous Legal Support Workers,23-2011,Paralegals and Legal Assistants**
215,Miscellaneous Legal Support Workers,23-2091,Court Reporters
215,Miscellaneous Legal Support Workers,23-2093,"Title Examiners, Abstractors, and Searchers"
215,Miscellaneous Legal Support Workers,23-2099,"Legal Support Workers, All Other"
220,Postsecondary Teachers,25-1011,"Business Teachers, Postsecondary"
220,Postsecondary Teachers,25-1021,"Computer Science Teachers, Postsecondary"
220,Postsecondary Teachers,25-1022,"Mathematical Science Teachers, Postsecondary"
220,Postsecondary Teachers,25-1031,"Architecture Teachers, Postsecondary"
220,Postsecondary Teachers,25-1032,"Engineering Teachers, Postsecondary"
220,Postsecondary Teachers,25-1041,"Agricultural Sciences Teachers, Postsecondary"
220,Postsecondary Teachers,25-1042,"Biological Science Teachers, Postsecondary"
220,Postsecondary Teachers,25-1043,"Forestry and Conservation Science Teachers, Postsecondary"
220,Postsecondary Teachers,25-1051,"Atmospheric, Earth, Marine, and Space Sciences Teachers, Postsecondary"
220,Postsecondary Teachers,25-1052,"Chemistry Teachers, Postsecondary"
220,Postsecondary Teachers,25-1053,"Environmental Science Teachers, Postsecondary"
220,Postsecondary Teachers,25-1054,"Physics Teachers, Postsecondary"
220,Postsecondary Teachers,25-1061,"Anthropology and Archeology Teachers, Postsecondary"
220,Postsecondary Teachers,25-1062,"Area, Ethnic, and Cultural Studies Teachers, Postsecondary"
220,Postsecondary Teachers,25-1063,"Economics Teachers, Postsecondary"
220,Postsecondary Teachers,25-1064,"Geography Teachers, Postsecondary"
220,Postsecondary Teachers,25-1065,"Political Science Teachers, Postsecondary"
220,Postsecondary Teachers,25-1066,"Psychology Teachers, Postsecondary"
220,Postsecondary Teachers,25-1067,"Sociology Teachers, Postsecondary"
220,Postsecondary Teachers,25-1069,"Social Sciences Teachers, Postsecondary, All Other"
220,Postsecondary Teachers,25-1071,"Health Specialties Teachers, Postsecondary"
220,Postsecondary Teachers,25-1072,"Nursing Instructors and Teachers, Postsecondary"
220,Postsecondary Teachers,25-1081,"Education Teachers, Postsecondary"
220,Postsecondary Teachers,25-1082,"Library Science Teachers, Postsecondary"
220,Postsecondary Teachers,25-1111,"Criminal Justice and Law Enforcement Teachers, Postsecondary"
220,Postsecondary Teachers,25-1112,"Law Teachers, Postsecondary"
220,Postsecondary Teachers,25-1113,"Social Work Teachers, Postsecondary"
220,Postsecondary Teachers,25-1121,"Art, Drama, and Music Teachers, Postsecondary"
220,Postsecondary Teachers,25-1122,"Communications Teachers, Postsecondary"
220,Postsecondary Teachers,25-1123,"English Language and Literature Teachers, Postsecondary"
220,Postsecondary Teachers,25-1124,"Foreign Language and Literature Teachers, Postsecondary"
220,Postsecondary Teachers,25-1125,"History Teachers, Postsecondary"
220,Postsecondary Teachers,25-1126,"Philosophy and Religion Teachers, Postsecondary"
220,Postsecondary Teachers,25-1191,Graduate Teaching Assistants
220,Postsecondary Teachers,25-1192,"Home Economics Teachers, Postsecondary"
220,Postsecondary Teachers,25-1193,"Recreation and Fitness Studies Teachers, Postsecondary"
220,Postsecondary Teachers,25-1194,"Vocational Education Teachers, Postsecondary"
220,Postsecondary Teachers,25-1199,"Postsecondary Teachers, All Other"
230,Preschool and Kindergarten Teachers,25-2011,"Preschool Teachers, Except Special Education"
230,Preschool and Kindergarten Teachers,25-2012,"Kindergarten Teachers, Except Special Education"
231,Elementary and Middle School Teachers,25-2021,"Elementary School Teachers, Except Special Education"
231,Elementary and Middle School Teachers,25-2022,"Middle School Teachers, Except Special and Career/Technical Education"
231,Elementary and Middle School Teachers,25-2023,"Career/Technical Education Teachers, Middle School"
232,Secondary School Teachers,25-2031,"Secondary School Teachers, Except Special and Career/Technical Education"
232,Secondary School Teachers,25-2032,"Career/Technical Education Teachers, Secondary School"
233,Special Education Teachers,25-2051,"Special Education Teachers, Preschool"
233,Special Education Teachers,25-2052,"Special Education Teachers, Kindergarten and Elementary School"
233,Special Education Teachers,25-2053,"Special Education Teachers, Middle School"
233,Special Education Teachers,25-2054,"Special Education Teachers, Secondary School"
234,Other Teachers and Instructors,25-2059,"Special Education Teachers, All Other"
234,Other Teachers and Instructors,25-3011,Adult Basic and Secondary Education and Literacy Teachers and Instructors
234,Other Teachers and Instructors,25-3021,Self-Enrichment Education Teachers
234,Other Teachers and Instructors,25-3099,"Teachers and Instructors, All Other"
240,"Archivists, Curators, and Museum Technicians",25-4011,Archivists
240,"Archivists, Curators, and Museum Technicians",25-4012,Curators
240,"Archivists, Curators, and Museum Technicians",25-4013,Museum Technicians and Conservators
243,Librarians,25-4021,Librarians
244,Library Technicians,25-4031,Library Technicians
254,Teacher Assistants,25-9041,Teacher Assistants
255,"Other Education, Training, and Library Workers",25-9011,Audio-Visual and Multimedia Collections Specialists
255,"Other Education, Training, and Library Workers",25-9021,Farm and Home Management Advisors
255,"Other Education, Training, and Library Workers",25-9031,Instructional Coordinators
255,"Other Education, Training, and Library Workers",25-9099,"Education, Training, and Library Workers, All Other"
260,Artists and Related Workers,27-1011,Art Directors
260,Artists and Related Workers,27-1012,Craft Artists
260,Artists and Related Workers,27-1013,"Fine Artists, Including Painters, Sculptors, and Illustrators"
260,Artists and Related Workers,27-1014,Multimedia Artists and Animators
260,Artists and Related Workers,27-1019,"Artists and Related Workers, All Other"
263,Designers,27-1021,Commercial and Industrial Designers
263,Designers,27-1022,Fashion Designers
263,Designers,27-1023,Floral Designers
263,Designers,27-1024,Graphic Designers
263,Designers,27-1025,Interior Designers
263,Designers,27-1026,Merchandise Displayers and Window Trimmers
263,Designers,27-1027,Set and Exhibit Designers
263,Designers,27-1029,"Designers, All Other"
270,Actors,27-2011,Actors
271,Producers and Directors,27-2012,Producers and Directors
272,"Athletes, Coaches, Umpires, and Related Workers",27-2021,Athletes and Sports Competitors
272,"Athletes, Coaches, Umpires, and Related Workers",27-2022,Coaches and Scouts
272,"Athletes, Coaches, Umpires, and Related Workers",27-2023,"Umpires, Referees, and Other Sports Officials"
274,Dancers and Choreographers,27-2031,Dancers
274,Dancers and Choreographers,27-2032,Choreographers
275,"Musicians, Singers, and Related Workers",27-2041,Music Directors and Composers
275,"Musicians, Singers, and Related Workers",27-2042,Musicians and Singers
276,"Entertainers and Performers, Sports and Related Workers, All Other",27-2099,"Entertainers and Performers, Sports and Related Workers, All Other"
280,Announcers,27-3011,Radio and Television Announcers
280,Announcers,27-3012,Public Address System and Other Announcers
281,"News Analysts, Reporters and Correspondents",27-3021,Broadcast News Analysts
281,"News Analysts, Reporters and Correspondents",27-3022,Reporters and Correspondents
282,Public Relations Specialists,13-1121,"Meeting, Convention, and Event Planners**"
282,Public Relations Specialists,13-1161,Market Research Analysts and Marketing Specialists**
282,Public Relations Specialists,27-3031,Public Relations Specialists
283,Editors,27-3041,Editors
284,Technical Writers,27-3042,Technical Writers
285,Writers and Authors,27-3043,Writers and Authors
286,Miscellaneous Media and Communication Workers,27-3091,Interpreters and Translators
286,Miscellaneous Media and Communication Workers,27-3099,"Media and Communication Workers, All Other"
290,Broadcast and Sound Engineering Technicians and Radio Operators,27-4011,Audio and Video Equipment Technicians
290,Broadcast and Sound Engineering Technicians and Radio Operators,27-4012,Broadcast Technicians
290,Broadcast and Sound Engineering Technicians and Radio Operators,27-4013,Radio Operators
290,Broadcast and Sound Engineering Technicians and Radio Operators,27-4014,Sound Engineering Technicians
291,Photographers,27-4021,Photographers
292,"Television, Video, and Motion Picture Camera Operators and Editors",27-4031,"Camera Operators, Television, Video, and Motion Picture"
292,"Television, Video, and Motion Picture Camera Operators and Editors",27-4032,Film and Video Editors
296,"Media and Communication Equipment Workers, All Other",27-4099,"Media and Communication Equipment Workers, All Other"
300,Chiropractors,29-1011,Chiropractors
301,Dentists,29-1021,"Dentists, General"
301,Dentists,29-1022,Oral and Maxillofacial Surgeons
301,Dentists,29-1023,Orthodontists
301,Dentists,29-1024,Prosthodontists
301,Dentists,29-1029,"Dentists, All Other Specialists"
303,Dietitians and Nutritionists,29-1031,Dietitians and Nutritionists
304,Optometrists,29-1041,Optometrists
305,Pharmacists,29-1051,Pharmacists
306,Physicians and Surgeons,29-1061,Anesthesiologists
306,Physicians and Surgeons,29-1062,Family and General Practitioners
306,Physicians and Surgeons,29-1063,"Internists, General"
306,Physicians and Surgeons,29-1064,Obstetricians and Gynecologists
306,Physicians and Surgeons,29-1065,"Pediatricians, General"
306,Physicians and Surgeons,29-1066,Psychiatrists
306,Physicians and Surgeons,29-1067,Surgeons
306,Physicians and Surgeons,29-1069,"Physicians and Surgeons, All Other"
311,Physician Assistants,29-1071,Physician Assistants
312,Podiatrists,29-1081,Podiatrists
313,Registered Nurses,29-1141,Registered Nurses
313,Registered Nurses,29-1151,Nurse Anesthetists
313,Registered Nurses,29-1161,Nurse Midwives
313,Registered Nurses,29-1171,Nurse Practitioners
314,Audiologists,29-1181,Audiologists
315,Occupational Therapists,29-1122,Occupational Therapists
316,Physical Therapists,29-1123,Physical Therapists
320,Radiation Therapists,29-1124,Radiation Therapists
321,Recreational Therapists,29-1125,Recreational Therapists
322,Respiratory Therapists,29-1126,Respiratory Therapists
323,Speech-Language Pathologists,29-1127,Speech-Language Pathologists
324,"Therapists, All Other",29-1128,Exercise Physiologists
324,"Therapists, All Other",29-1129,"Therapists, All Other"
325,Veterinarians,29-1131,Veterinarians
326,"Health Diagnosing and Treating Practitioners, All Other",29-1199,"Health Diagnosing and Treating Practitioners, All Other"
330,Clinical Laboratory Technologists and Technicians,29-2011,Medical and Clinical Laboratory Technologists
330,Clinical Laboratory Technologists and Technicians,29-2012,Medical and Clinical Laboratory Technicians
331,Dental Hygienists,29-2021,Dental Hygienists
332,Diagnostic Related Technologists and Technicians,29-2031,Cardiovascular Technologists and Technicians
332,Diagnostic Related Technologists and Technicians,29-2032,Diagnostic Medical Sonographers
332,Diagnostic Related Technologists and Technicians,29-2033,Nuclear Medicine Technologists
332,Diagnostic Related Technologists and Technicians,29-2034,Radiologic Technologists
332,Diagnostic Related Technologists and Technicians,29-2035,Magnetic Resonance Imaging Technologists
340,Emergency Medical Technicians and Paramedics,29-2041,Emergency Medical Technicians and Paramedics
341,Health Diagnosing and Treating Practitioner Support Technicians,29-2051,Dietetic Technicians
341,Health Diagnosing and Treating Practitioner Support Technicians,29-2052,Pharmacy Technicians
341,Health Diagnosing and Treating Practitioner Support Technicians,29-2053,Psychiatric Technicians
341,Health Diagnosing and Treating Practitioner Support Technicians,29-2054,Respiratory Therapy Technicians
341,Health Diagnosing and Treating Practitioner Support Technicians,29-2055,Surgical Technologists
341,Health Diagnosing and Treating Practitioner Support Technicians,29-2056,Veterinary Technologists and Technicians
350,Licensed Practical and Licensed Vocational Nurses,29-2061,Licensed Practical and Licensed Vocational Nurses
351,Medical Records and Health Information Technicians,29-2071,Medical Records and Health Information Technicians
352,"Opticians, Dispensing",29-2081,"Opticians, Dispensing"
353,Miscellaneous Health Technologists and Technicians,29-2057,Ophthalmic Medical Technicians
353,Miscellaneous Health Technologists and Technicians,29-2091,Orthotists and Prosthetists
353,Miscellaneous Health Technologists and Technicians,29-2092,Hearing Aid Specialists
353,Miscellaneous Health Technologists and Technicians,29-2099,"Health Technologists and Technicians, All Other"
354,Other Healthcare Practitioners and Technical Occupations,29-9011,Occupational Health and Safety Specialists
354,Other Healthcare Practitioners and Technical Occupations,29-9012,Occupational Health and Safety Technicians
354,Other Healthcare Practitioners and Technical Occupations,29-9091,Athletic Trainers
354,Other Healthcare Practitioners and Technical Occupations,29-9092,Genetic Counselors
354,Other Healthcare Practitioners and Technical Occupations,29-9099,"Healthcare Practitioners and Technical Workers, All Other"
360,"Nursing, Psychiatric, and Home Health Aides",31-1011,Home Health Aides
360,"Nursing, Psychiatric, and Home Health Aides",31-1013,Psychiatric Aides
360,"Nursing, Psychiatric, and Home Health Aides",31-1014,Nursing Assistants
360,"Nursing, Psychiatric, and Home Health Aides",31-1015,Orderlies
361,Occupational Therapist Assistants and Aides,31-2011,Occupational Therapy Assistants
361,Occupational Therapist Assistants and Aides,31-2012,Occupational Therapy Aides
362,Physical Therapist Assistants and Aides,31-2021,Physical Therapist Assistants
362,Physical Therapist Assistants and Aides,31-2022,Physical Therapist Aides
363,Massage Therapists,31-9011,Massage Therapists
364,Dental Assistants,31-9091,Dental Assistants
365,Medical Assistants and Other Healthcare Support Occupations,31-9092,Medical Assistants
365,Medical Assistants and Other Healthcare Support Occupations,31-9093,Medical Equipment Preparers
365,Medical Assistants and Other Healthcare Support Occupations,31-9094,Medical Transcriptionists
365,Medical Assistants and Other Healthcare Support Occupations,31-9095,Pharmacy Aides
365,Medical Assistants and Other Healthcare Support Occupations,31-9096,Veterinary Assistants and Laboratory Animal Caretakers
365,Medical Assistants and Other Healthcare Support Occupations,31-9097,Phlebotomists
365,Medical Assistants and Other Healthcare Support Occupations,31-9099,"Healthcare Support Workers, All Other"
370,First-Line Supervisors/Managers of Correctional Officers,33-1011,First-Line Supervisors of Correctional Officers
371,First-Line Supervisors/Managers of Police and Detectives,33-1012,First-Line Supervisors of Police and Detectives
372,First-Line Supervisors/Managers of Fire Fighting and Prevention Workers,33-1021,First-Line Supervisors of Fire Fighting and Prevention Workers
373,"Supervisors, Protective Service Workers, All Other",33-1099,"First-Line Supervisors of Protective Service Workers, All Other"
374,Fire Fighters,33-2011,Firefighters
375,Fire Inspectors,33-2021,Fire Inspectors and Investigators
375,Fire Inspectors,33-2022,Forest Fire Inspectors and Prevention Specialists
380,"Bailiffs, Correctional Officers, and Jailers",33-3011,Bailiffs
380,"Bailiffs, Correctional Officers, and Jailers",33-3012,Correctional Officers and Jailers
382,Detectives and Criminal Investigators,33-3021,Detectives and Criminal Investigators
383,Fish and Game Wardens,33-3031,Fish and Game Wardens
384,Parking Enforcement Workers,33-3041,Parking Enforcement Workers
385,Police and Sheriff's Patrol Officers,33-3051,Police and Sheriff's Patrol Officers
386,Transit and Railroad Police,33-3052,Transit and Railroad Police
390,Animal Control Workers,33-9011,Animal Control Workers
391,Private Detectives and Investigators,33-9021,Private Detectives and Investigators
392,Security Guards and Gaming Surveillance Officers,33-9031,Gaming Surveillance Officers and Gaming Investigators
392,Security Guards and Gaming Surveillance Officers,33-9032,Security Guards
392,Security Guards and Gaming Surveillance Officers,33-9093,Transportation Security Screeners**
394,Crossing Guards,33-9091,Crossing Guards
395,Lifeguards and Other Protective Service Workers,33-9092,"Lifeguards, Ski Patrol, and Other Recreational Protective Service Workers"
395,Lifeguards and Other Protective Service Workers,33-9093,Transportation Security Screeners**
395,Lifeguards and Other Protective Service Workers,33-9099,"Protective Service Workers, All Other"
400,Chefs and Head Cooks,35-1011,Chefs and Head Cooks
401,First-Line Supervisors/Managers of Food Preparation and Serving Workers,35-1012,First-Line Supervisors of Food Preparation and Serving Workers
402,Cooks,35-2011,"Cooks, Fast Food"
402,Cooks,35-2012,"Cooks, Institution and Cafeteria"
402,Cooks,35-2013,"Cooks, Private Household"
402,Cooks,35-2014,"Cooks, Restaurant"
402,Cooks,35-2015,"Cooks, Short Order"
402,Cooks,35-2019,"Cooks, All Other"
403,Food Preparation Workers,35-2021,Food Preparation Workers
404,Bartenders,35-3011,Bartenders
405,"Combined Food Preparation and Serving Workers, Including Fast Food",35-3021,"Combined Food Preparation and Serving Workers, Including Fast Food"
406,"Counter Attendants, Cafeteria, Food Concession, and Coffee Shop",35-3022,"Counter Attendants, Cafeteria, Food Concession, and Coffee Shop"
411,Waiters and Waitresses,35-3031,Waiters and Waitresses
412,"Food Servers, Nonrestaurant",35-3041,"Food Servers, Nonrestaurant"
413,Dining Room and Cafeteria Attendants and Bartender Helpers,35-9011,Dining Room and Cafeteria Attendants and Bartender Helpers
414,Dishwashers,35-9021,Dishwashers
415,"Hosts and Hostesses, Restaurant, Lounge, and Coffee Shop",35-9031,"Hosts and Hostesses, Restaurant, Lounge, and Coffee Shop"
416,"Food Preparation and Serving Related Workers, All Other",35-9099,"Food Preparation and Serving Related Workers, All Other"
420,First-Line Supervisors/Managers of Housekeeping and Janitorial Workers,37-1011,First-Line Supervisors of Housekeeping and Janitorial Workers
421,"First-Line Supervisors/Managers of Landscaping, Lawn Service, and Groundskeeping Workers",37-1012,"First-Line Supervisors of Landscaping, Lawn Service, and Groundskeeping Workers"
422,Janitors and Building Cleaners,37-2011,"Janitors and Cleaners, Except Maids and Housekeeping Cleaners"
422,Janitors and Building Cleaners,37-2019,"Building Cleaning Workers, All Other"
423,Maids and Housekeeping Cleaners,37-2012,Maids and Housekeeping Cleaners
424,Pest Control Workers,37-2021,Pest Control Workers
425,Grounds Maintenance Workers,37-3011,Landscaping and Groundskeeping Workers
425,Grounds Maintenance Workers,37-3012,"Pesticide Handlers, Sprayers, and Applicators, Vegetation"
425,Grounds Maintenance Workers,37-3013,Tree Trimmers and Pruners
425,Grounds Maintenance Workers,37-3019,"Grounds Maintenance Workers, All Other"
430,First-Line Supervisors/Managers of Gaming Workers,39-1011,Gaming Supervisors
430,First-Line Supervisors/Managers of Gaming Workers,39-1012,Slot Supervisors
432,First-Line Supervisors/Managers of Personal Service Workers,39-1021,First-Line Supervisors of Personal Service Workers
434,Animal Trainers,39-2011,Animal Trainers
435,Nonfarm Animal Caretakers,39-2021,Nonfarm Animal Caretakers
440,Gaming Services Workers,39-3011,Gaming Dealers
440,Gaming Services Workers,39-3012,Gaming and Sports Book Writers and Runners
440,Gaming Services Workers,39-3019,"Gaming Service Workers, All Other"
441,Motion Picture Projectionists,39-3021,Motion Picture Projectionists
442,"Ushers, Lobby Attendants, and Ticket Takers",39-3031,"Ushers, Lobby Attendants, and Ticket Takers"
443,Miscellaneous Entertainment Attendants and Related Workers,39-3091,Amusement and Recreation Attendants
443,Miscellaneous Entertainment Attendants and Related Workers,39-3092,Costume Attendants
443,Miscellaneous Entertainment Attendants and Related Workers,39-3093,"Locker Room, Coatroom, and Dressing Room Attendants"
443,Miscellaneous Entertainment Attendants and Related Workers,39-3099,"Entertainment Attendants and Related Workers, All Other"
446,Funeral Service Workers,39-4011,Embalmers
446,Funeral Service Workers,39-4021,Funeral Attendants
450,Barbers,39-5011,Barbers
451,"Hairdressers, Hairstylists, and Cosmetologists",39-5012,"Hairdressers, Hairstylists, and Cosmetologists"
452,Miscellaneous Personal Appearance Workers,39-5091,"Makeup Artists, Theatrical and Performance"
452,Miscellaneous Personal Appearance Workers,39-5092,Manicurists and Pedicurists
452,Miscellaneous Personal Appearance Workers,39-5093,Shampooers
452,Miscellaneous Personal Appearance Workers,39-5094,Skincare Specialists
453,"Baggage Porters, Bellhops, and Concierges",39-6011,Baggage Porters and Bellhops
453,"Baggage Porters, Bellhops, and Concierges",39-6012,Concierges
454,Tour and Travel Guides,39-7011,Tour Guides and Escorts
454,Tour and Travel Guides,39-7012,Travel Guides
455,Transportation Attendants,53-2031,Flight Attendants
455,Transportation Attendants,53-6061,"Transportation Attendants, Except Flight Attendants"
460,Child Care Workers,39-9011,Childcare Workers
461,Personal and Home Care Aides,39-9021,Personal Care Aides
462,Recreation and Fitness Workers,39-9031,Fitness Trainers and Aerobics Instructors
462,Recreation and Fitness Workers,39-9032,Recreation Workers
464,Residential Advisors,39-9041,Residential Advisors
465,"Personal Care and Service Workers, All Other",39-9099,"Personal Care and Service Workers, All Other"
470,First-Line Supervisors/Managers of Retail Sales Workers,41-1011,First-Line Supervisors of Retail Sales Workers
471,First-Line Supervisors/Managers of Non-Retail Sales Workers,41-1012,First-Line Supervisors of Non-Retail Sales Workers
472,Cashiers,41-2011,Cashiers
472,Cashiers,41-2012,Gaming Change Persons and Booth Cashiers
474,Counter and Rental Clerks,41-2021,Counter and Rental Clerks
475,Parts Salespersons,41-2022,Parts Salespersons
476,Retail Salespersons,41-2031,Retail Salespersons
480,Advertising Sales Agents,41-3011,Advertising Sales Agents
481,Insurance Sales Agents,41-3021,Insurance Sales Agents
482,"Securities, Commodities, and Financial Services Sales Agents",41-3031,"Securities, Commodities, and Financial Services Sales Agents"
483,Travel Agents,41-3041,Travel Agents
484,"Sales Representatives, Services, All Other",41-3099,"Sales Representatives, Services, All Other"
485,"Sales Representatives, Wholesale and Manufacturing",41-4011,"Sales Representatives, Wholesale and Manufacturing, Technical and Scientific Products"
485,"Sales Representatives, Wholesale and Manufacturing",41-4012,"Sales Representatives, Wholesale and Manufacturing, Except Technical and Scientific Products"
490,"Models, Demonstrators, and Product Promoters",41-9011,Demonstrators and Product Promoters
490,"Models, Demonstrators, and Product Promoters",41-9012,Models
492,Real Estate Brokers and Sales Agents,41-9021,Real Estate Brokers
492,Real Estate Brokers and Sales Agents,41-9022,Real Estate Sales Agents
493,Sales Engineers,41-9031,Sales Engineers
494,Telemarketers,41-9041,Telemarketers
495,"Door-To-Door Sales Workers, News and Street Vendors, and Related Workers",41-9091,"Door-to-Door Sales Workers, News and Street Vendors, and Related Workers"
496,"Sales and Related Workers, All Other",13-1131,Fundraisers
496,"Sales and Related Workers, All Other",41-9099,"Sales and Related Workers, All Other"
500,First-Line Supervisors/Managers of Office and Administrative Support Workers,43-1011,First-Line Supervisors of Office and Administrative Support Workers
501,"Switchboard Operators, Including Answering Service",43-2011,"Switchboard Operators, Including Answering Service"
502,Telephone Operators,43-2021,Telephone Operators
503,"Communications Equipment Operators, All Other",43-2099,"Communications Equipment Operators, All Other"
510,Bill and Account Collectors,43-3011,Bill and Account Collectors
511,Billing and Posting Clerks and Machine Operators,43-3021,Billing and Posting Clerks
512,"Bookkeeping, Accounting, and Auditing Clerks",43-3031,"Bookkeeping, Accounting, and Auditing Clerks"
513,Gaming Cage Workers,43-3041,Gaming Cage Workers
514,Payroll and Timekeeping Clerks,43-3051,Payroll and Timekeeping Clerks
515,Procurement Clerks,43-3061,Procurement Clerks
516,Tellers,43-3071,Tellers
520,Brokerage Clerks,43-4011,Brokerage Clerks
521,Correspondence Clerks,43-4021,Correspondence Clerks
522,"Court, Municipal, and License Clerks",43-4031,"Court, Municipal, and License Clerks"
523,"Credit Authorizers, Checkers, and Clerks",43-4041,"Credit Authorizers, Checkers, and Clerks"
524,Customer Service Representatives,43-4051,Customer Service Representatives
525,"Eligibility Interviewers, Government Programs",43-4061,"Eligibility Interviewers, Government Programs"
526,File Clerks,43-4071,File Clerks
530,"Hotel, Motel, and Resort Desk Clerks",43-4081,"Hotel, Motel, and Resort Desk Clerks"
531,"Interviewers, Except Eligibility and Loan",43-4111,"Interviewers, Except Eligibility and Loan"
532,"Library Assistants, Clerical",43-4121,"Library Assistants, Clerical"
533,Loan Interviewers and Clerks,43-4131,Loan Interviewers and Clerks
534,New Accounts Clerks,43-4141,New Accounts Clerks
535,Order Clerks,43-4151,Order Clerks
536,"Human Resources Assistants, Except Payroll and Timekeeping",43-4161,"Human Resources Assistants, Except Payroll and Timekeeping"
540,Receptionists and Information Clerks,43-4171,Receptionists and Information Clerks
541,Reservation and Transportation Ticket Agents and Travel Clerks,43-4181,Reservation and Transportation Ticket Agents and Travel Clerks
542,"Information and Record Clerks, All Other",43-4199,"Information and Record Clerks, All Other"
550,Cargo and Freight Agents,43-5011,Cargo and Freight Agents
551,Couriers and Messengers,43-5021,Couriers and Messengers
552,Dispatchers,43-5031,"Police, Fire, and Ambulance Dispatchers"
552,Dispatchers,43-5032,"Dispatchers, Except Police, Fire, and Ambulance"
553,"Meter Readers, Utilities",43-5041,"Meter Readers, Utilities"
554,Postal Service Clerks,43-5051,Postal Service Clerks
555,Postal Service Mail Carriers,43-5052,Postal Service Mail Carriers
556,"Postal Service Mail Sorters, Processors, and Processing Machine Operators",43-5053,"Postal Service Mail Sorters, Processors, and Processing Machine Operators"
560,"Production, Planning, and Expediting Clerks",43-5061,"Production, Planning, and Expediting Clerks"
561,"Shipping, Receiving, and Traffic Clerks",43-5071,"Shipping, Receiving, and Traffic Clerks"
562,Stock Clerks and Order Fillers,43-5081,Stock Clerks and Order Fillers
563,"Weighers, Measurers, Checkers, and Samplers, Recordkeeping",43-5111,"Weighers, Measurers, Checkers, and Samplers, Recordkeeping"
570,Secretaries and Administrative Assistants,43-6011,Executive Secretaries and Executive Administrative Assistants
570,Secretaries and Administrative Assistants,43-6012,Legal Secretaries
570,Secretaries and Administrative Assistants,43-6013,Medical Secretaries
570,Secretaries and Administrative Assistants,43-6014,"Secretaries and Administrative Assistants, Except Legal, Medical, and Executive"
580,Computer Operators,43-9011,Computer Operators
581,Data Entry Keyers,43-9021,Data Entry Keyers
582,Word Processors and Typists,43-9022,Word Processors and Typists
583,Desktop Publishers,43-9031,Desktop Publishers
584,Insurance Claims and Policy Processing Clerks,43-9041,Insurance Claims and Policy Processing Clerks
585,"Mail Clerks and Mail Machine Operators, Except Postal Service",43-9051,"Mail Clerks and Mail Machine Operators, Except Postal Service"
586,"Office Clerks, General",43-9061,"Office Clerks, General"
590,"Office Machine Operators, Except Computer",43-9071,"Office Machine Operators, Except Computer"
591,Proofreaders and Copy Markers,43-9081,Proofreaders and Copy Markers
592,Statistical Assistants,43-9111,Statistical Assistants
593,"Office and Administrative Support Workers, All Other",43-3099,"Financial Clerks, All Other"
593,"Office and Administrative Support Workers, All Other",43-9199,"Office and Administrative Support Workers, All Other"
600,"First-Line Supervisors/Managers of Farming, Fishing, and Forestry Workers",13-1074,Farm Labor Contractors
600,"First-Line Supervisors/Managers of Farming, Fishing, and Forestry Workers",45-1011,"First-Line Supervisors of Farming, Fishing, and Forestry Workers"
601,Agricultural Inspectors,45-2011,Agricultural Inspectors
602,Animal Breeders,45-2021,Animal Breeders
604,"Graders and Sorters, Agricultural Products",45-2041,"Graders and Sorters, Agricultural Products"
605,Miscellaneous Agricultural Workers,45-2091,Agricultural Equipment Operators
605,Miscellaneous Agricultural Workers,45-2092,"Farmworkers and Laborers, Crop, Nursery, and Greenhouse"
605,Miscellaneous Agricultural Workers,45-2093,"Farmworkers, Farm, Ranch, and Aquacultural Animals"
605,Miscellaneous Agricultural Workers,45-2099,"Agricultural Workers, All Other"
610,Fishers and Related Fishing Workers,45-3011,Fishers and Related Fishing Workers
611,Hunters and Trappers,45-3021,Hunters and Trappers
612,Forest and Conservation Workers,45-4011,Forest and Conservation Workers
613,Logging Workers,45-4021,Fallers
613,Logging Workers,45-4022,Logging Equipment Operators
613,Logging Workers,45-4023,Log Graders and Scalers
613,Logging Workers,45-4029,"Logging Workers, All Other"
620,First-Line Supervisors/Managers of Construction Trades and Extraction Workers,47-1011,First-Line Supervisors of Construction Trades and Extraction Workers
621,Boilermakers,47-2011,Boilermakers
622,"Brickmasons, Blockmasons, and Stonemasons",47-2021,Brickmasons and Blockmasons
622,"Brickmasons, Blockmasons, and Stonemasons",47-2022,Stonemasons
623,Carpenters,47-2031,Carpenters
624,"Carpet, Floor, and Tile Installers and Finishers",47-2041,Carpet Installers
624,"Carpet, Floor, and Tile Installers and Finishers",47-2042,"Floor Layers, Except Carpet, Wood, and Hard Tiles"
624,"Carpet, Floor, and Tile Installers and Finishers",47-2043,Floor Sanders and Finishers
624,"Carpet, Floor, and Tile Installers and Finishers",47-2044,Tile and Marble Setters
625,"Cement Masons, Concrete Finishers, and Terrazzo Workers",47-2051,Cement Masons and Concrete Finishers
625,"Cement Masons, Concrete Finishers, and Terrazzo Workers",47-2053,Terrazzo Workers and Finishers
626,Construction Laborers,47-2061,Construction Laborers
630,"Paving, Surfacing, and Tamping Equipment Operators",47-2071,"Paving, Surfacing, and Tamping Equipment Operators"
631,Pile-Driver Operators,47-2072,Pile-Driver Operators
632,Operating Engineers and Other Construction Equipment Operators,47-2073,Operating Engineers and Other Construction Equipment Operators
633,"Drywall Installers, Ceiling Tile Installers, and Tapers",47-2081,Drywall and Ceiling Tile Installers
633,"Drywall Installers, Ceiling Tile Installers, and Tapers",47-2082,Tapers
635,Electricians,47-2111,Electricians
635,Electricians,47-2231,Solar Photovoltaic Installers**
636,Glaziers,47-2121,Glaziers
640,Insulation Workers,47-2131,"Insulation Workers, Floor, Ceiling, and Wall"
640,Insulation Workers,47-2132,"Insulation Workers, Mechanical"
642,"Painters, Construction and Maintenance",47-2141,"Painters, Construction and Maintenance"
643,Paperhangers,47-2142,Paperhangers
644,"Pipelayers, Plumbers, Pipefitters, and Steamfitters",47-2151,Pipelayers
644,"Pipelayers, Plumbers, Pipefitters, and Steamfitters",47-2152,"Plumbers, Pipefitters, and Steamfitters"
646,Plasterers and Stucco Masons,47-2161,Plasterers and Stucco Masons
650,Reinforcing Iron and Rebar Workers,47-2171,Reinforcing Iron and Rebar Workers
651,Roofers,47-2181,Roofers
651,Roofers,47-2231,Solar Photovoltaic Installers**
652,Sheet Metal Workers,47-2211,Sheet Metal Workers
653,Structural Iron and Steel Workers,47-2221,Structural Iron and Steel Workers
660,"Helpers, Construction Trades",47-3011,"Helpers--Brickmasons, Blockmasons, Stonemasons, and Tile and Marble Setters"
660,"Helpers, Construction Trades",47-3012,Helpers--Carpenters
660,"Helpers, Construction Trades",47-3013,Helpers--Electricians
660,"Helpers, Construction Trades",47-3014,"Helpers--Painters, Paperhangers, Plasterers, and Stucco Masons"
660,"Helpers, Construction Trades",47-3015,"Helpers--Pipelayers, Plumbers, Pipefitters, and Steamfitters"
660,"Helpers, Construction Trades",47-3016,Helpers--Roofers
660,"Helpers, Construction Trades",47-3019,"Helpers, Construction Trades, All Other"
666,Construction and Building Inspectors,47-4011,Construction and Building Inspectors
670,Elevator Installers and Repairers,47-4021,Elevator Installers and Repairers
671,Fence Erectors,47-4031,Fence Erectors
672,Hazardous Materials Removal Workers,47-4041,Hazardous Materials Removal Workers
673,Highway Maintenance Workers,47-4051,Highway Maintenance Workers
674,Rail-Track Laying and Maintenance Equipment Operators,47-4061,Rail-Track Laying and Maintenance Equipment Operators
675,Septic Tank Servicers and Sewer Pipe Cleaners,47-4071,Septic Tank Servicers and Sewer Pipe Cleaners
676,Miscellaneous Construction and Related Workers,47-2231,Solar Photovoltaic Installers**
676,Miscellaneous Construction and Related Workers,47-4091,Segmental Pavers
676,Miscellaneous Construction and Related Workers,47-4099,"Construction and Related Workers, All Other"
680,"Derrick, Rotary Drill, and Service Unit Operators, Oil, Gas, and Mining",47-5011,"Derrick Operators, Oil and Gas"
680,"Derrick, Rotary Drill, and Service Unit Operators, Oil, Gas, and Mining",47-5012,"Rotary Drill Operators, Oil and Gas"
680,"Derrick, Rotary Drill, and Service Unit Operators, Oil, Gas, and Mining",47-5013,"Service Unit Operators, Oil, Gas, and Mining"
682,"Earth Drillers, Except Oil and Gas",47-5021,"Earth Drillers, Except Oil and Gas"
683,"Explosives Workers, Ordnance Handling Experts, and Blasters",47-5031,"Explosives Workers, Ordnance Handling Experts, and Blasters"
684,Mining Machine Operators,47-5041,Continuous Mining Machine Operators
684,Mining Machine Operators,47-5042,Mine Cutting and Channeling Machine Operators
684,Mining Machine Operators,47-5049,"Mining Machine Operators, All Other"
691,"Roof Bolters, Mining",47-5061,"Roof Bolters, Mining"
692,"Roustabouts, Oil and Gas",47-5071,"Roustabouts, Oil and Gas"
693,Helpers--Extraction Workers,47-5081,Helpers--Extraction Workers
694,Other Extraction Workers,47-5051,"Rock Splitters, Quarry"
694,Other Extraction Workers,47-5099,"Extraction Workers, All Other"
700,"First-Line Supervisors/Managers of Mechanics, Installers, and Repairers",49-1011,"First-Line Supervisors of Mechanics, Installers, and Repairers"
701,"Computer, Automated Teller, and Office Machine Repairers",49-2011,"Computer, Automated Teller, and Office Machine Repairers"
702,Radio and Telecommunications Equipment Installers and Repairers,49-2021,"Radio, Cellular, and Tower Equipment Installers and Repairers"
702,Radio and Telecommunications Equipment Installers and Repairers,49-2022,"Telecommunications Equipment Installers and Repairers, Except Line Installers"
703,Avionics Technicians,49-2091,Avionics Technicians
704,"Electric Motor, Power Tool, and Related Repairers",49-2092,"Electric Motor, Power Tool, and Related Repairers"
705,"Electrical and Electronics Installers and Repairers, Transportation Equipment",49-2093,"Electrical and Electronics Installers and Repairers, Transportation Equipment"
710,"Electrical and Electronics Repairers, Industrial and Utility",49-2094,"Electrical and Electronics Repairers, Commercial and Industrial Equipment"
710,"Electrical and Electronics Repairers, Industrial and Utility",49-2095,"Electrical and Electronics Repairers, Powerhouse, Substation, and Relay"
711,"Electronic Equipment Installers and Repairers, Motor Vehicles",49-2096,"Electronic Equipment Installers and Repairers, Motor Vehicles"
712,Electronic Home Entertainment Equipment Installers and Repairers,49-2097,Electronic Home Entertainment Equipment Installers and Repairers
713,Security and Fire Alarm Systems Installers,49-2098,Security and Fire Alarm Systems Installers
714,Aircraft Mechanics and Service Technicians,49-3011,Aircraft Mechanics and Service Technicians
715,Automotive Body and Related Repairers,49-3021,Automotive Body and Related Repairers
716,Automotive Glass Installers and Repairers,49-3022,Automotive Glass Installers and Repairers
720,Automotive Service Technicians and Mechanics,49-3023,Automotive Service Technicians and Mechanics
721,Bus and Truck Mechanics and Diesel Engine Specialists,49-3031,Bus and Truck Mechanics and Diesel Engine Specialists
722,Heavy Vehicle and Mobile Equipment Service Technicians and Mechanics,49-3041,Farm Equipment Mechanics and Service Technicians
722,Heavy Vehicle and Mobile Equipment Service Technicians and Mechanics,49-3042,"Mobile Heavy Equipment Mechanics, Except Engines"
722,Heavy Vehicle and Mobile Equipment Service Technicians and Mechanics,49-3043,Rail Car Repairers
724,Small Engine Mechanics,49-3051,Motorboat Mechanics and Service Technicians
724,Small Engine Mechanics,49-3052,Motorcycle Mechanics
724,Small Engine Mechanics,49-3053,Outdoor Power Equipment and Other Small Engine Mechanics
726,"Miscellaneous Vehicle and Mobile Equipment Mechanics, Installers, and Repairers",49-3091,Bicycle Repairers
726,"Miscellaneous Vehicle and Mobile Equipment Mechanics, Installers, and Repairers",49-3092,Recreational Vehicle Service Technicians
726,"Miscellaneous Vehicle and Mobile Equipment Mechanics, Installers, and Repairers",49-3093,Tire Repairers and Changers
730,Control and Valve Installers and Repairers,49-9011,Mechanical Door Repairers
730,Control and Valve Installers and Repairers,49-9012,"Control and Valve Installers and Repairers, Except Mechanical Door"
731,"Heating, Air Conditioning, and Refrigeration Mechanics and Installers",47-2231,Solar Photovoltaic Installers**
731,"Heating, Air Conditioning, and Refrigeration Mechanics and Installers",49-9021,"Heating, Air Conditioning, and Refrigeration Mechanics and Installers"
732,Home Appliance Repairers,49-9031,Home Appliance Repairers
733,Industrial and Refractory Machinery Mechanics,49-9041,Industrial Machinery Mechanics
733,Industrial and Refractory Machinery Mechanics,49-9045,"Refractory Materials Repairers, Except Brickmasons"
734,"Maintenance and Repair Workers, General",49-9071,"Maintenance and Repair Workers, General"
735,"Maintenance Workers, Machinery",49-9043,"Maintenance Workers, Machinery"
736,Millwrights,49-9044,Millwrights
741,Electrical Power-Line Installers and Repairers,49-9051,Electrical Power-Line Installers and Repairers
742,Telecommunications Line Installers and Repairers,49-9052,Telecommunications Line Installers and Repairers
743,Precision Instrument and Equipment Repairers,49-9061,Camera and Photographic Equipment Repairers
743,Precision Instrument and Equipment Repairers,49-9062,Medical Equipment Repairers
743,Precision Instrument and Equipment Repairers,49-9063,Musical Instrument Repairers and Tuners
743,Precision Instrument and Equipment Repairers,49-9064,Watch Repairers
743,Precision Instrument and Equipment Repairers,49-9069,"Precision Instrument and Equipment Repairers, All Other"
751,"Coin, Vending, and Amusement Machine Servicers and Repairers",49-9091,"Coin, Vending, and Amusement Machine Servicers and Repairers"
752,Commercial Divers,49-9092,Commercial Divers
754,Locksmiths and Safe Repairers,49-9094,Locksmiths and Safe Repairers
755,Manufactured Building and Mobile Home Installers,49-9095,Manufactured Building and Mobile Home Installers
756,Riggers,49-9096,Riggers
760,Signal and Track Switch Repairers,49-9097,Signal and Track Switch Repairers
761,"Helpers--Installation, Maintenance, and Repair Workers",49-9098,"Helpers--Installation, Maintenance, and Repair Workers"
762,"Other Installation, Maintenance, and Repair Workers",47-2231,Solar Photovoltaic Installers**
762,"Other Installation, Maintenance, and Repair Workers",49-9081,Wind Turbine Service Technicians
762,"Other Installation, Maintenance, and Repair Workers",49-9093,"Fabric Menders, Except Garment"
762,"Other Installation, Maintenance, and Repair Workers",49-9099,"Installation, Maintenance, and Repair Workers, All Other"
770,First-Line Supervisors/Managers of Production and Operating Workers,51-1011,First-Line Supervisors of Production and Operating Workers
771,"Aircraft Structure, Surfaces, Rigging, and Systems Assemblers",51-2011,"Aircraft Structure, Surfaces, Rigging, and Systems Assemblers"
772,"Electrical, Electronics, and Electromechanical Assemblers",51-2021,"Coil Winders, Tapers, and Finishers"
772,"Electrical, Electronics, and Electromechanical Assemblers",51-2022,Electrical and Electronic Equipment Assemblers
772,"Electrical, Electronics, and Electromechanical Assemblers",51-2023,Electromechanical Equipment Assemblers
773,Engine and Other Machine Assemblers,51-2031,Engine and Other Machine Assemblers
774,Structural Metal Fabricators and Fitters,51-2041,Structural Metal Fabricators and Fitters
775,Miscellaneous Assemblers and Fabricators,51-2091,Fiberglass Laminators and Fabricators
775,Miscellaneous Assemblers and Fabricators,51-2092,Team Assemblers
775,Miscellaneous Assemblers and Fabricators,51-2093,Timing Device Assemblers and Adjusters
775,Miscellaneous Assemblers and Fabricators,51-2099,"Assemblers and Fabricators, All Other"
780,Bakers,51-3011,Bakers
781,"Butchers and Other Meat, Poultry, and Fish Processing Workers",51-3021,Butchers and Meat Cutters
781,"Butchers and Other Meat, Poultry, and Fish Processing Workers",51-3022,"Meat, Poultry, and Fish Cutters and Trimmers"
781,"Butchers and Other Meat, Poultry, and Fish Processing Workers",51-3023,Slaughterers and Meat Packers
783,"Food and Tobacco Roasting, Baking, and Drying Machine Operators and Tenders",51-3091,"Food and Tobacco Roasting, Baking, and Drying Machine Operators and Tenders"
784,Food Batchmakers,51-3092,Food Batchmakers
785,Food Cooking Machine Operators and Tenders,51-3093,Food Cooking Machine Operators and Tenders
790,Computer Control Programmers and Operators,51-4011,"Computer-Controlled Machine Tool Operators, Metal and Plastic"
790,Computer Control Programmers and Operators,51-4012,"Computer Numerically Controlled Machine Tool Programmers, Metal and Plastic"
792,"Extruding and Drawing Machine Setters, Operators, and Tenders, Metal and Plastic",51-4021,"Extruding and Drawing Machine Setters, Operators, and Tenders, Metal and Plastic"
793,"Forging Machine Setters, Operators, and Tenders, Metal and Plastic",51-4022,"Forging Machine Setters, Operators, and Tenders, Metal and Plastic"
794,"Rolling Machine Setters, Operators, and Tenders, Metal and Plastic",51-4023,"Rolling Machine Setters, Operators, and Tenders, Metal and Plastic"
795,"Cutting, Punching, and Press Machine Setters, Operators, and Tenders, Metal and Plastic",51-4031,"Cutting, Punching, and Press Machine Setters, Operators, and Tenders, Metal and Plastic"
796,"Drilling and Boring Machine Tool Setters, Operators, and Tenders, Metal and Plastic",51-4032,"Drilling and Boring Machine Tool Setters, Operators, and Tenders, Metal and Plastic"
800,"Grinding, Lapping, Polishing, and Buffing Machine Tool Setters, Operators, and Tenders, Metal and Plastic",51-4033,"Grinding, Lapping, Polishing, and Buffing Machine Tool Setters, Operators, and Tenders, Metal and Plastic"
801,"Lathe and Turning Machine Tool Setters, Operators, and Tenders, Metal and Plastic",51-4034,"Lathe and Turning Machine Tool Setters, Operators, and Tenders, Metal and Plastic"
802,"Milling and Planing Machine Setters, Operators, and Tenders, Metal and Plastic",51-4035,"Milling and Planing Machine Setters, Operators, and Tenders, Metal and Plastic"
803,Machinists,51-4041,Machinists
804,Metal Furnace and Kiln Operators and Tenders,51-4051,Metal-Refining Furnace Operators and Tenders
804,Metal Furnace and Kiln Operators and Tenders,51-4052,"Pourers and Casters, Metal"
806,"Model Makers and Patternmakers, Metal and Plastic",51-4061,"Model Makers, Metal and Plastic"
806,"Model Makers and Patternmakers, Metal and Plastic",51-4062,"Patternmakers, Metal and Plastic"
810,"Molders and Molding Machine Setters, Operators, and Tenders, Metal and Plastic",51-4071,Foundry Mold and Coremakers
810,"Molders and Molding Machine Setters, Operators, and Tenders, Metal and Plastic",51-4072,"Molding, Coremaking, and Casting Machine Setters, Operators, and Tenders, Metal and Plastic"
812,"Multiple Machine Tool Setters, Operators, and Tenders, Metal and Plastic",51-4081,"Multiple Machine Tool Setters, Operators, and Tenders, Metal and Plastic"
813,Tool and Die Makers,51-4111,Tool and Die Makers
814,"Welding, Soldering, and Brazing Workers",51-4121,"Welders, Cutters, Solderers, and Brazers"
814,"Welding, Soldering, and Brazing Workers",51-4122,"Welding, Soldering, and Brazing Machine Setters, Operators, and Tenders"
815,"Heat Treating Equipment Setters, Operators, and Tenders, Metal and Plastic",51-4191,"Heat Treating Equipment Setters, Operators, and Tenders, Metal and Plastic"
816,"Lay-Out Workers, Metal and Plastic",51-4192,"Layout Workers, Metal and Plastic"
820,"Plating and Coating Machine Setters, Operators, and Tenders, Metal and Plastic",51-4193,"Plating and Coating Machine Setters, Operators, and Tenders, Metal and Plastic"
821,"Tool Grinders, Filers, and Sharpeners",51-4194,"Tool Grinders, Filers, and Sharpeners"
822,"Metalworkers and Plastic Workers, All Other",51-4199,"Metal Workers and Plastic Workers, All Other"
823,Bookbinders and Bindery Workers,51-5113,Print Binding and Finishing Workers**
824,Job Printers,51-5112,Printing Press Operators**
824,Job Printers,51-5113,Print Binding and Finishing Workers**
825,Prepress Technicians and Workers,51-5111,Prepress Technicians and Workers
826,Printing Machine Operators,51-5112,Printing Press Operators**
830,Laundry and Dry-Cleaning Workers,51-6011,Laundry and Dry-Cleaning Workers
831,"Pressers, Textile, Garment, and Related Materials",51-6021,"Pressers, Textile, Garment, and Related Materials"
832,Sewing Machine Operators,51-6031,Sewing Machine Operators
833,Shoe and Leather Workers and Repairers,51-6041,Shoe and Leather Workers and Repairers
834,Shoe Machine Operators and Tenders,51-6042,Shoe Machine Operators and Tenders
835,"Tailors, Dressmakers, and Sewers",51-6051,"Sewers, Hand"
835,"Tailors, Dressmakers, and Sewers",51-6052,"Tailors, Dressmakers, and Custom Sewers"
836,Textile Bleaching and Dyeing Machine Operators and Tenders,51-6061,Textile Bleaching and Dyeing Machine Operators and Tenders
840,"Textile Cutting Machine Setters, Operators, and Tenders",51-6062,"Textile Cutting Machine Setters, Operators, and Tenders"
841,"Textile Knitting and Weaving Machine Setters, Operators, and Tenders",51-6063,"Textile Knitting and Weaving Machine Setters, Operators, and Tenders"
842,"Textile Winding, Twisting, and Drawing Out Machine Setters, Operators, and Tenders",51-6064,"Textile Winding, Twisting, and Drawing Out Machine Setters, Operators, and Tenders"
843,"Extruding and Forming Machine Setters, Operators, and Tenders, Synthetic and Glass Fibers",51-6091,"Extruding and Forming Machine Setters, Operators, and Tenders, Synthetic and Glass Fibers"
844,Fabric and Apparel Patternmakers,51-6092,Fabric and Apparel Patternmakers
845,Upholsterers,51-6093,Upholsterers
846,"Textile, Apparel, and Furnishings Workers, All Other",51-6099,"Textile, Apparel, and Furnishings Workers, All Other"
850,Cabinetmakers and Bench Carpenters,51-7011,Cabinetmakers and Bench Carpenters
851,Furniture Finishers,51-7021,Furniture Finishers
852,"Model Makers and Patternmakers, Wood",51-7031,"Model Makers, Wood"
852,"Model Makers and Patternmakers, Wood",51-7032,"Patternmakers, Wood"
853,"Sawing Machine Setters, Operators, and Tenders, Wood",51-7041,"Sawing Machine Setters, Operators, and Tenders, Wood"
854,"Woodworking Machine Setters, Operators, and Tenders, Except Sawing",51-7042,"Woodworking Machine Setters, Operators, and Tenders, Except Sawing"
855,"Woodworkers, All Other",51-7099,"Woodworkers, All Other"
860,"Power Plant Operators, Distributors, and Dispatchers",51-8011,Nuclear Power Reactor Operators
860,"Power Plant Operators, Distributors, and Dispatchers",51-8012,Power Distributors and Dispatchers
860,"Power Plant Operators, Distributors, and Dispatchers",51-8013,Power Plant Operators
861,Stationary Engineers and Boiler Operators,51-8021,Stationary Engineers and Boiler Operators
862,Water and Liquid Waste Treatment Plant and System Operators,51-8031,Water and Wastewater Treatment Plant and System Operators
863,Miscellaneous Plant and System Operators,51-8091,Chemical Plant and System Operators
863,Miscellaneous Plant and System Operators,51-8092,Gas Plant Operators
863,Miscellaneous Plant and System Operators,51-8093,"Petroleum Pump System Operators, Refinery Operators, and Gaugers"
863,Miscellaneous Plant and System Operators,51-8099,"Plant and System Operators, All Other"
864,"Chemical Processing Machine Setters, Operators, and Tenders",51-9011,Chemical Equipment Operators and Tenders
864,"Chemical Processing Machine Setters, Operators, and Tenders",51-9012,"Separating, Filtering, Clarifying, Precipitating, and Still Machine Setters, Operators, and Tenders"
865,"Crushing, Grinding, Polishing, Mixing, and Blending Workers",51-9021,"Crushing, Grinding, and Polishing Machine Setters, Operators, and Tenders"
865,"Crushing, Grinding, Polishing, Mixing, and Blending Workers",51-9022,"Grinding and Polishing Workers, Hand"
865,"Crushing, Grinding, Polishing, Mixing, and Blending Workers",51-9023,"Mixing and Blending Machine Setters, Operators, and Tenders"
871,Cutting Workers,51-9031,"Cutters and Trimmers, Hand"
871,Cutting Workers,51-9032,"Cutting and Slicing Machine Setters, Operators, and Tenders"
872,"Extruding, Forming, Pressing, and Compacting Machine Setters, Operators, and Tenders",51-9041,"Extruding, Forming, Pressing, and Compacting Machine Setters, Operators, and Tenders"
873,"Furnace, Kiln, Oven, Drier, and Kettle Operators and Tenders",51-9051,"Furnace, Kiln, Oven, Drier, and Kettle Operators and Tenders"
874,"Inspectors, Testers, Sorters, Samplers, and Weighers",51-9061,"Inspectors, Testers, Sorters, Samplers, and Weighers"
875,Jewelers and Precious Stone and Metal Workers,51-9071,Jewelers and Precious Stone and Metal Workers
876,"Medical, Dental, and Ophthalmic Laboratory Technicians",51-9081,Dental Laboratory Technicians
876,"Medical, Dental, and Ophthalmic Laboratory Technicians",51-9082,Medical Appliance Technicians
876,"Medical, Dental, and Ophthalmic Laboratory Technicians",51-9083,Ophthalmic Laboratory Technicians
880,Packaging and Filling Machine Operators and Tenders,51-9111,Packaging and Filling Machine Operators and Tenders
881,Painting Workers,51-9121,"Coating, Painting, and Spraying Machine Setters, Operators, and Tenders"
881,Painting Workers,51-9122,"Painters, Transportation Equipment"
881,Painting Workers,51-9123,"Painting, Coating, and Decorating Workers"
883,Photographic Process Workers and Processing Machine Operators,51-9151,Photographic Process Workers and Processing Machine Operators**
884,Semiconductor Processors,51-9141,Semiconductor Processors
885,Cementing and Gluing Machine Operators and Tenders,51-9191,Adhesive Bonding Machine Operators and Tenders
886,"Cleaning, Washing, and Metal Pickling Equipment Operators and Tenders",51-9192,"Cleaning, Washing, and Metal Pickling Equipment Operators and Tenders"
890,Cooling and Freezing Equipment Operators and Tenders,51-9193,Cooling and Freezing Equipment Operators and Tenders
891,Etchers and Engravers,51-9194,Etchers and Engravers
892,"Molders, Shapers, and Casters, Except Metal and Plastic",51-9195,"Molders, Shapers, and Casters, Except Metal and Plastic"
893,"Paper Goods Machine Setters, Operators, and Tenders",51-9196,"Paper Goods Machine Setters, Operators, and Tenders"
894,Tire Builders,51-9197,Tire Builders
895,Helpers--Production Workers,51-9198,Helpers--Production Workers
896,"Production Workers, All Other",51-3099,"Food Processing Workers, All Other"
896,"Production Workers, All Other",51-9199,"Production Workers, All Other"
900,"Supervisors, Transportation and Material Moving Workers",53-1011,Aircraft Cargo Handling Supervisors
900,"Supervisors, Transportation and Material Moving Workers",53-1021,"First-Line Supervisors of Helpers, Laborers, and Material Movers, Hand"
900,"Supervisors, Transportation and Material Moving Workers",53-1031,First-Line Supervisors of Transportation and Material-Moving Machine and Vehicle Operators
903,Aircraft Pilots and Flight Engineers,53-2011,"Airline Pilots, Copilots, and Flight Engineers"
903,Aircraft Pilots and Flight Engineers,53-2012,Commercial Pilots
904,Air Traffic Controllers and Airfield Operations Specialists,53-2021,Air Traffic Controllers
904,Air Traffic Controllers and Airfield Operations Specialists,53-2022,Airfield Operations Specialists
911,"Ambulance Drivers and Attendants, Except Emergency Medical Technicians",53-3011,"Ambulance Drivers and Attendants, Except Emergency Medical Technicians"
912,Bus Drivers,53-3021,"Bus Drivers, Transit and Intercity"
912,Bus Drivers,53-3022,"Bus Drivers, School or Special Client"
913,Driver/Sales Workers and Truck Drivers,53-3031,Driver/Sales Workers
913,Driver/Sales Workers and Truck Drivers,53-3032,Heavy and Tractor-Trailer Truck Drivers
913,Driver/Sales Workers and Truck Drivers,53-3033,Light Truck or Delivery Services Drivers
914,Taxi Drivers and Chauffeurs,53-3041,Taxi Drivers and Chauffeurs
915,"Motor Vehicle Operators, All Other",53-3099,"Motor Vehicle Operators, All Other"
920,Locomotive Engineers and Operators,53-4011,Locomotive Engineers
920,Locomotive Engineers and Operators,53-4012,Locomotive Firers
920,Locomotive Engineers and Operators,53-4013,"Rail Yard Engineers, Dinkey Operators, and Hostlers"
923,"Railroad Brake, Signal, and Switch Operators",53-4021,"Railroad Brake, Signal, and Switch Operators"
924,Railroad Conductors and Yardmasters,53-4031,Railroad Conductors and Yardmasters
926,"Subway, Streetcar, and Other Rail Transportation Workers",53-4041,Subway and Streetcar Operators
926,"Subway, Streetcar, and Other Rail Transportation Workers",53-4099,"Rail Transportation Workers, All Other"
930,Sailors and Marine Oilers,53-5011,Sailors and Marine Oilers
931,Ship and Boat Captains and Operators,53-5021,"Captains, Mates, and Pilots of Water Vessels"
931,Ship and Boat Captains and Operators,53-5022,Motorboat Operators
933,Ship Engineers,53-5031,Ship Engineers
934,Bridge and Lock Tenders,53-6011,Bridge and Lock Tenders
935,Parking Lot Attendants,53-6021,Parking Lot Attendants
936,Service Station Attendants,53-6031,Automotive and Watercraft Service Attendants
941,Transportation Inspectors,53-6051,Transportation Inspectors
942,Other Transportation Workers,53-6041,Traffic Technicians
942,Other Transportation Workers,53-6099,"Transportation Workers, All Other"
950,Conveyor Operators and Tenders,53-7011,Conveyor Operators and Tenders
951,Crane and Tower Operators,53-7021,Crane and Tower Operators
952,"Dredge, Excavating, and Loading Machine Operators",53-7031,Dredge Operators
952,"Dredge, Excavating, and Loading Machine Operators",53-7032,Excavating and Loading Machine and Dragline Operators
952,"Dredge, Excavating, and Loading Machine Operators",53-7033,"Loading Machine Operators, Underground Mining"
956,Hoist and Winch Operators,53-7041,Hoist and Winch Operators
960,Industrial Truck and Tractor Operators,53-7051,Industrial Truck and Tractor Operators
961,Cleaners of Vehicles and Equipment,53-7061,Cleaners of Vehicles and Equipment
962,"Laborers and Freight, Stock, and Material Movers, Hand",53-7062,"Laborers and Freight, Stock, and Material Movers, Hand"
963,Machine Feeders and Offbearers,53-7063,Machine Feeders and Offbearers
964,"Packers and Packagers, Hand",53-7064,"Packers and Packagers, Hand"
965,Pumping Station Operators,53-7071,Gas Compressor and Gas Pumping Station Operators
965,Pumping Station Operators,53-7072,"Pump Operators, Except Wellhead Pumpers"
965,Pumping Station Operators,53-7073,Wellhead Pumpers
972,Refuse and Recyclable Material Collectors,53-7081,Refuse and Recyclable Material Collectors
973,Shuttle Car Operators,53-7111,Mine Shuttle Car Operators
974,"Tank Car, Truck, and Ship Loaders",53-7121,"Tank Car, Truck, and Ship Loaders"
975,"Material Moving Workers, All Other",53-7199,"Material Moving Workers, All Other"
980,Military Officer Special and Tactical Operations Leaders/Managers,55-1011,Air Crew Officers
980,Military Officer Special and Tactical Operations Leaders/Managers,55-1012,Aircraft Launch and Recovery Officers
980,Military Officer Special and Tactical Operations Leaders/Managers,55-1013,Armored Assault Vehicle Officers
980,Military Officer Special and Tactical Operations Leaders/Managers,55-1014,Artillery and Missile Officers
980,Military Officer Special and Tactical Operations Leaders/Managers,55-1015,Command and Control Center Officers
980,Military Officer Special and Tactical Operations Leaders/Managers,55-1016,Infantry Officers
980,Military Officer Special and Tactical Operations Leaders/Managers,55-1017,Special Forces Officers
980,Military Officer Special and Tactical Operations Leaders/Managers,55-1019,"Military Officer Special and Tactical Operations Leaders, All Other"
981,First-Line Enlisted Military Supervisors/Managers,55-2011,First-Line Supervisors of Air Crew Members
981,First-Line Enlisted Military Supervisors/Managers,55-2012,First-Line Supervisors of Weapons Specialists/Crew Members
981,First-Line Enlisted Military Supervisors/Managers,55-2013,First-Line Supervisors of All Other Tactical Operations Specialists
982,Military Enlisted Tactical Operations and Air/Weapons Specialists and Crew Members,55-3011,Air Crew Members
982,Military Enlisted Tactical Operations and Air/Weapons Specialists and Crew Members,55-3012,Aircraft Launch and Recovery Specialists
982,Military Enlisted Tactical Operations and Air/Weapons Specialists and Crew Members,55-3013,Armored Assault Vehicle Crew Members
982,Military Enlisted Tactical Operations and Air/Weapons Specialists and Crew Members,55-3014,Artillery and Missile Crew Members
982,Military Enlisted Tactical Operations and Air/Weapons Specialists and Crew Members,55-3015,Command and Control Center Specialists
982,Military Enlisted Tactical Operations and Air/Weapons Specialists and Crew Members,55-3016,Infantry
982,Military Enlisted Tactical Operations and Air/Weapons Specialists and Crew Members,55-3017,Radar and Sonar Technicians
982,Military Enlisted Tactical Operations and Air/Weapons Specialists and Crew Members,55-3018,Special Forces
982,Military Enlisted Tactical Operations and Air/Weapons Specialists and Crew Members,55-3019,"Military Enlisted Tactical Operations and Air/Weapons Specialists and Crew Members, All Other"
