occ1980,occ1980_title,soc1980,soc1980_title
003,LEGISLATORS,111,LEGISLATORS
004,"CHIEF EXECUTIVES AND GENERAL ADMINISTRATORS, PUBLIC ADMINISTRATION",112,CHIEF EXECUTIVES AND GENERAL ADMINISTRATORS
005,"ADMINISTRATORS AND OFFICIALS, PUBLIC ADMINISTRATION",1132,HUMAN RESOURCES PROGRAM ADMINISTRATORS
005,"ADMINISTRATORS AND OFFICIALS, PUBLIC ADMINISTRATION",1133,"NATURAL RESOURCES PROGRAM ADMINISTRATORS"
005,"ADMINISTRATORS AND OFFICIALS, PUBLIC ADMINISTRATION",1134,"RURAL, URBAN, AND COMMUNITY DEVELOPMENT PROGRAM ADM"
005,"ADMINISTRATORS AND OFFICIALS, PUBLIC ADMINISTRATION",1135,"PUBLIC FINANCE, TAXATION, AND OTHER MONETARY PROGRA"
005,"ADMINISTRATORS AND OFFICIALS, PUBLIC ADMINISTRATION",1139,"OFFICIALS AND ADMINISTRATORS, PUBLIC ADMINSTRATION,"
006,"ADMINISTRATORS, PROTECTIVE SERVICES",1131,"JUDICIAL, PUBLIC SAFETY AND CORRECTIONS ADMINISTRAT"
007,FINANCIAL MANAGERS,122,FINANCIAL MANAGERS
008,PERSONNEL AND LABOR RELATIONS MANAGERS,123,PERSONNEL AND LABOR RELATIONS MANAGERS
009,PURCHASING MANAGERS,124,PURCHASING MANAGERS
013,"MANAGERS, MARKETING, ADVERTISING, AND PUBLIC RELATIONS",125,"MANAGERS; MARKETING, ADVERTISING, AND PUBLIC RELATI"
014,"ADMINISTRATORS, EDUCATION AND RELATED FIELDS",1281,ADMINISTRATORS; COLLEGES AND UNIVERSITIES
014,"ADMINISTRATORS, EDUCATION AND RELATED FIELDS",1282,ADMINISTRATORS; ELEMENTARY AND SECONDARY EDUCATION
014,"ADMINISTRATORS, EDUCATION AND RELATED FIELDS",1283,"ADMINISTRATORS; EDUCATION AND RELATED FIELDS, NOT E"
015,"MANAGERS, MEDICINE AND HEALTH",131,MANAGERS; MEDICINE AND HEALTH
016,"MANAGERS, PROPERTIES AND REAL ESTATE",1353,MANAGERS; PROPERTY AND LEASING
017,POSTMASTERS AND MAIL SUPERINTENDENTS,1344,POSTMASTERS AND MAIL SUPERINTENDENTS
018,FUNERAL DIRECTORS,1359,"MANAGERS; SERVICE ORGANIZATIONS, NOT ELSEWHERE CLAS"
019,"MANAGERS AND ADMINISTRATORS, N.E.C., SALARIED & SELF-EMPLOYED",121,GENERAL MANAGERS AND OTHER TOP EXECUTIVES
019,"MANAGERS AND ADMINISTRATORS, N.E.C., SALARIED & SELF-EMPLOYED",126,"MANAGERS; ENGINEERING, MATHEMATICS, AND NATURAL SCI"
019,"MANAGERS AND ADMINISTRATORS, N.E.C., SALARIED & SELF-EMPLOYED",127,MANAGERS; SOCIAL SCIENCES AND RELATED FIELDS
019,"MANAGERS AND ADMINISTRATORS, N.E.C., SALARIED & SELF-EMPLOYED",132,"PRODUCTION MANAGERS, INDUSTRIAL"
019,"MANAGERS AND ADMINISTRATORS, N.E.C., SALARIED & SELF-EMPLOYED",133,CONSTRUCTION MANAGERS
019,"MANAGERS AND ADMINISTRATORS, N.E.C., SALARIED & SELF-EMPLOYED",1341,COMMUNICATIONS OPERATIONS MANAGERS
019,"MANAGERS AND ADMINISTRATORS, N.E.C., SALARIED & SELF-EMPLOYED",1342,TRANSPORTATION FACILITIES AND OPERATIONS MANAGERS
019,"MANAGERS AND ADMINISTRATORS, N.E.C., SALARIED & SELF-EMPLOYED",1343,"ELECTRICITY, GAS, WATER SUPPLY, AND SANITARY SERVIC"
019,"MANAGERS AND ADMINISTRATORS, N.E.C., SALARIED & SELF-EMPLOYED",1351,MANAGERS; FOOD SERVING AND LODGING ESTABLISHMENTS
019,"MANAGERS AND ADMINISTRATORS, N.E.C., SALARIED & SELF-EMPLOYED",1352,MANAGERS; ENTERTAINMENT AND RECREATION FACILITIES
019,"MANAGERS AND ADMINISTRATORS, N.E.C., SALARIED & SELF-EMPLOYED",1354,MANAGERS; MEMBERSHIP ORGANIZATIONS
019,"MANAGERS AND ADMINISTRATORS, N.E.C., SALARIED & SELF-EMPLOYED",1359,"MANAGERS; SERVICE ORGANIZATIONS, NOT ELSEWHERE CLAS"
019,"MANAGERS AND ADMINISTRATORS, N.E.C., SALARIED & SELF-EMPLOYED",136,"MANAGERS; MINING, QUARRYING, WELL DRILLING, AND SIM"
019,"MANAGERS AND ADMINISTRATORS, N.E.C., SALARIED & SELF-EMPLOYED",137,MANAGERS; ADMINISTRATIVE SERVICES
019,"MANAGERS AND ADMINISTRATORS, N.E.C., SALARIED & SELF-EMPLOYED",139,"OFFICIALS AND ADMINISTRATORS; OTHER, NOT ELSEWHERE"
023,ACCOUNTANTS AND AUDITORS,1412,ACCOUNTANTS AND AUDITORS
024,UNDERWRITERS,1414,UNDERWRITERS
025,OTHER FINANCIAL OFFICERS,1415,LOAN OFFICERS
025,OTHER FINANCIAL OFFICERS,1419,OTHER FINANCIAL OFFICERS
026,MANAGEMENT ANALYSTS,142,MANAGEMENT ANALYSTS
027,"PERSONNEL, TRAINING, AND LABOR RELATIONS SPECIALISTS",143,"PERSONNEL, TRAINING, AND LABOR RELATIONS SPECIALIST"
028,"PURCHASING AGENTS AND BUYERS, FARM PRODUCTS",1443,"PURCHASING AGENTS AND BUYERS, FARM PRODUCTS"
029,"BUYERS, WHOLESALE AND RETAIL TRADE EXCEPT FARM PRODUCTS",1442,"BUYERS, WHOLESALE AND RETAIL TRADE, EXCEPT FARM PRO"
033,"PURCHASING AGENTS AND BUYERS, N.E.C.",1449,"PURCHASING AGENTS AND BUYERS, NOT ELSEWHERE CLASSIF"
034,BUSINESS AND PROMOTION AGENTS,145,BUSINESS AND PROMOTION AGENTS
035,CONSTRUCTION INSPECTORS,1472,CONSTRUCTION INSPECTORS
036,"INSPECTORS AND COMPLIANCE OFFICERS, EXCEPT CONSTRUCTION",1473,"INSPECTORS AND COMPLIANCE OFFICERS, EXCEPT CONSTRUC"
037,"MANAGEMENT RELATED OCCUPATIONS, N.E.C.",149,"MANAGEMENT RELATED OCCUPATIONS, NEC"
043,ARCHITECTS,161,ARCHITECTS
044,AEROSPACE ENGINEERS,1622,AEROSPACE ENGINEERS
045,METALLURGICAL AND MATERIALS ENGINEERS,1623,METALLURGICAL AND MATERIALS ENGINEERS
046,MINING ENGINEERS,1624,MINING ENGINEERS
047,PETROLEUM ENGINEERS,1625,PETROLEUM ENGINEERS
048,CHEMICAL ENGINEERS,1626,CHEMICAL ENGINEERS
049,NUCLEAR ENGINEERS,1627,NUCLEAR ENGINEERS
053,CIVIL ENGINEERS,1628,CIVIL ENGINEERS
054,AGRICULTURAL ENGINEERS,1632,AGRICULTURAL ENGINEERS
055,ELECTRICAL AND ELECTRONIC ENGINEERS,1633,ELECTRICAL AND ELECTRONIC ENGINEERS
055,ELECTRICAL AND ELECTRONIC ENGINEERS,1636,COMPUTER ENGINEERS
056,INDUSTRIAL ENGINEERS,1634,INDUSTRIAL ENGINEERS
057,MECHANICAL ENGINEERS,1635,MECHANICAL ENGINEERS
058,MARINE AND NAVAL ARCHITECTS,1637,MARINE ENGINEERS AND NAVAL ARCHITECTS
059,"ENGINEERS, N.E.C.",1639,"ENGINEERS, NOT ELSEWHERE CLASSIFIED"
063,SURVEYORS AND MAPPING SCIENTISTS,1643,LAND SURVEYORS
063,SURVEYORS AND MAPPING SCIENTISTS,1644,CARTOGRAPHERS
063,SURVEYORS AND MAPPING SCIENTISTS,1649,"SURVEYORS AND MAPPING SCIENTISTS, NOT ELSEWHERE CLA"
064,COMPUTER SYSTEMS ANALYSTS AND SCIENTISTS,1712,COMPUTER SYSTEMS ANALYSTS
064,COMPUTER SYSTEMS ANALYSTS AND SCIENTISTS,1719,"COMPUTER SCIENTISTS, NOT ELSEWHERE CLASSIFIED"
065,OPERATIONS AND SYSTEMS RESEARCHERS AND ANALYSTS,1721,OPERATIONS RESEARCHERS AND ANALYSTS
065,OPERATIONS AND SYSTEMS RESEARCHERS AND ANALYSTS,1722,"Systems Researchers and Analysts, Except Comp"
066,ACTUARIES,1732,ACTUARIES
067,STATISTICIANS,1733,STATISTICIANS
068,"MATHEMATICAL SCIENTISTS, N.E.C.",1739,"MATHEMATICAL SCIENTISTS, NOT ELSEWHERE CLASSIFIED"
069,PHYSICISTS AND ASTRONOMERS,1842,ASTRONOMERS
069,PHYSICISTS AND ASTRONOMERS,1843,PHYSICISTS
073,"CHEMISTS, EXCEPT BIOCHEMISTS",1845,"CHEMISTS, EXCEPT BIOCHEMISTS"
074,ATMOSPHERIC AND SPACE SCIENTISTS,1846,ATMOSPHERIC AND SPACE SCIENTISTS
075,GEOLOGISTS AND GEODESISTS,1847,GEOLOGISTS
076,"PHYSICAL SCIENTISTS, N.E.C.",1849,"PHYSICAL SCIENTISTS, NOT ELSEWHERE CLASSIFIED"
077,AGRICULTURAL AND FOOD SCIENTISTS,1853,AGRICULTURAL AND FOOD SCIENTISTS
078,BIOLOGICAL AND LIFE SCIENTISTS,1854,BIOLOGICAL SCIENTISTS
079,FORESTRY AND CONSERVATION SCIENTISTS,1852,FORESTRY AND CONSERVATION SCIENTISTS
083,MEDICAL SCIENTISTS,1855,MEDICAL SCIENTISTS
084,PHYSICIANS,261,PHYSICIANS
085,DENTISTS,262,DENTISTS
086,VETERINARIANS,27,VETERINARIANS
087,OPTOMETRISTS,281,OPTOMETRISTS
088,PODIATRISTS,283,PODIATRISTS
089,"HEALTH DIAGNOSING PRACTITIONERS, N.E.C.",289,"HEALTH DIAGNOSING AND TREATING PRACTITIONERS, NOT E"
095,REGISTERED NURSES,29,REGISTERED NURSES
096,PHARMACISTS,301,PHARMACISTS
097,DIETITIANS,302,DIETITIANS
098,INHALATION THERAPISTS,3031,RESPIRATORY THERAPISTS
099,OCCUPATIONAL THERAPISTS,3032,OCCUPATIONAL THERAPISTS
103,PHYSICAL THERAPISTS,3033,PHYSICAL THERAPISTS
104,SPEECH THERAPISTS,3034,SPEECH PATHOLOGISTS AND AUDIOLOGISTS
105,"THERAPISTS, N.E.C.",3039,"THERAPISTS, NOT ELSEWHERE CLASSIFIED"
106,PHYSICIANS ASSISTANTS,304,PHYSICIAN'S ASSISTANTS
113,"EARTH, ENVIRONMENTAL, AND MARINE SCIENCE TEACHERS",2212,"Atmospheric, Earth, Marine, and Space Science"
114,BIOLOGICAL SCIENCE TEACHERS,2213,Biological Sciences Teachers
115,CHEMISTRY TEACHERS,2214,Chemistry Teachers
116,PHYSICS TEACHERS,2215,Physics Teachers
117,"NATURAL SCIENCE TEACHERS, N.E.C.",2216,"NATURAL SCIENCE TEACHERS,NOT ELSEWHERE CLASSIFIED"
118,PSYCHOLOGY TEACHERS,2217,Psychology Teachers
119,ECONOMICS TEACHERS,2218,Economics Teachers
123,HISTORY TEACHERS,2222,History Teachers
124,POLITICAL SCIENCE TEACHERS,2223,Political Science Teachers
125,SOCIOLOGY TEACHERS,2224,Sociology Teachers
126,"SOCIAL SCIENCE TEACHERS, N.E.C.",2225,"Social Sciences Teachers, Not Elsewhere Class"
127,ENGINEERING TEACHERS,2226,Engineering Teachers
128,MATHEMATICAL SCIENCE TEACHERS,2227,Mathematical Sciences Teachers
129,COMPUTER SCIENCE TEACHERS,2228,Computer Science Teachers
133,MEDICAL SCIENCE TEACHERS,2231,Medical Science Teachers
134,HEALTH SPECIALTIES TEACHERS,2232,"HEALTH SPECIALTIES TEACHERS, NOT ELSEWHERE CLASSIFI"
135,"BUSINESS, COMMERCE, AND MARKETING TEACHERS",2233,"BUSINESS, COMMERCE AND MARKETING TEACHERS"
136,AGRICULTURE AND FORESTRY TEACHERS,2234,Agriculture Teachers
137,"ART, DRAMA, AND MUSIC TEACHERS",2235,"Art, Drama, and Music Teachers"
138,PHYSICAL EDUCATION TEACHERS,2236,Physical Education Teachers
139,EDUCATION TEACHERS,2237,Education Teachers
143,ENGLISH TEACHERS,2238,English Teachers
144,FOREIGN LANGUAGE TEACHERS,2242,Foreign Language Teachers
145,LAW TEACHERS,2243,Law Teachers
146,SOCIAL WORK TEACHERS,2244,Social Work Teachers
147,THEOLOGY TEACHERS,2245,Theology Teachers
148,TRADE AND INDUSTRIAL TEACHERS,2246,Trade and Industrial Teachers
149,HOME ECONOMICS TEACHERS,2247,Home Economics Teachers
153,"TEACHERS, POSTSECONDARY, N.E.C.",2249,"TEACHERS; POSTSECONDARY, NOT ELSEWHERE CLASSIFIED"
155,"TEACHERS, PREKINDERGARTEN AND KINDERGARTEN",231,PREKINDERGARTEN AND KINDERGARTEN TEACHERS
156,"TEACHERS, ELEMENTARY SCHOOL",232,ELEMENTARY SCHOOL TEACHERS
157,"TEACHERS, SECONDARY SCHOOL",233,SECONDARY SCHOOL TEACHERS
158,"TEACHERS, SPECIAL EDUCATION",235,TEACHERS; SPECIAL EDUCATION
159,"TEACHERS, N.E.C.",236,INSTRUCTIONAL COORDINATORS
159,"TEACHERS, N.E.C.",239,"ADULT EDUCATION AND OTHER TEACHERS, NOT ELSEWHERE C"
163,"COUNSELORS, EDUCATIONAL AND VOCATIONAL",24,VOCATIONAL AND EDUCATIONAL COUNSELORS
164,LIBRARIANS,251,LIBRARIANS
165,ARCHIVISTS AND CURATORS,252,ARCHIVISTS AND CURATORS
166,ECONOMISTS,1912,ECONOMISTS
167,PSYCHOLOGISTS,1915,PSYCHOLOGISTS
168,SOCIOLOGISTS,1916,SOCIOLOGISTS
169,"SOCIAL SCIENTISTS, N.E.C.",1913,HISTORIANS
169,"SOCIAL SCIENTISTS, N.E.C.",1914,POLITICAL SCIENTISTS
169,"SOCIAL SCIENTISTS, N.E.C.",1919,"SOCIAL SCIENTISTS, NOT ELSEWHERE CLASSIFIED"
173,URBAN PLANNERS,192,URBAN AND REGIONAL PLANNERS
174,SOCIAL WORKERS,2032,SOCIAL WORKERS
175,RECREATION WORKERS,2033,RECREATION WORKERS
176,CLERGY,2042,CLERGY
177,"RELIGIOUS WORKERS, N.E.C.",2049,"RELIGIOUS WORKERS, NOT ELSEWHERE CLASSIFIED"
178,LAWYERS,211,LAWYERS
179,JUDGES,212,JUDGES
183,AUTHORS,321,AUTHORS
184,TECHNICAL WRITERS,398,TECHNICAL WRITERS
185,DESIGNERS,322,DESIGNERS
186,MUSICIANS AND COMPOSERS,323,MUSICIANS AND COMPOSERS
187,ACTORS AND DIRECTORS,324,ACTORS AND DIRECTORS
188,"PAINTERS, SCULPTORS, CRAFT-ARTISTS, AND ARTIST PRINTMAKERS",325,"PAINTERS, SCULPTORS, CRAFT-ARTISTS AND ARTIST-PRINT"
189,PHOTOGRAPHERS,326,PHOTOGRAPHERS
193,DANCERS,327,DANCERS
194,"ARTISTS, PERFORMERS, AND RELATED WORKERS, N.E.C.",328,"PERFORMERS, NOT ELSEWHERE CLASSIFIED"
194,"ARTISTS, PERFORMERS, AND RELATED WORKERS, N.E.C.",329,"WRITERS, ARTISTS, AND RELATED WORKERS; NOT ELSEWHER"
195,EDITORS AND REPORTERS,3312,EDITORS
195,EDITORS AND REPORTERS,3313,REPORTERS
197,PUBLIC RELATIONS SPECIALISTS,332,PUBLIC RELATIONS SPECIALISTS AND PUBLICITY WRITERS
198,ANNOUNCERS,333,"RADIO, TELEVISION AND OTHER ANNOUNCERS"
199,ATHLETES,34,ATHLETES AND RELATED WORKERS
203,CLINICAL LABORATORY TECHNOLOGISTS AND TECHNICIANS,362,CLINICAL LABORATORY TECHNOLOGISTS AND TECHNICIANS
204,DENTAL HYGIENISTS,363,DENTAL HYGIENISTS
205,HEALTH RECORD TECHNOLOGISTS AND TECHNICIANS,364,HEALTH RECORD TECHNOLOGISTS AND TECHNICIANS
206,RADIOLOGIC TECHNICIANS,365,RADIOLOGIC TECHNOLOGISTS AND TECHNCIANS
207,LICENSED PRACTICAL NURSES,366,LICENSED PRACTICAL NURSES
208,"HEALTH TECHNOLOGISTS AND TECHNICIANS, N.E.C.",369,"HEALTH TECHNOLOGISTS AND TECHNICIANS, NOT ELSEWHERE"
213,ELECTRICAL AND ELECTRONIC TECHNICIANS,3711,ELECTRICAL AND ELECTRONIC ENGINEERING TECHNOLOGISTS
214,INDUSTRIAL ENGINEERING TECHNICIANS,3712,INDUSTRIAL ENGINEERING TECHNOLOGISTS AND TECHNICIAN
215,MECHANICAL ENGINEERING TECHNICIANS,3713,MECHANICAL ENGINEERING TECHNOLOGISTS AND TECHNICIAN
216,"ENGINEERING TECHNICIANS, N.E.C.",3719,"ENGINEERING TECHNOLOGISTS AND TECHNICIANS, NEC"
217,DRAFTING OCCUPATIONS,372,DRAFTING OCCUPATIONS
218,SURVEYING AND MAPPING TECHNICIANS,3733,SURVEYING TECHNICIANS
218,SURVEYING AND MAPPING TECHNICIANS,3734,CARTOGRAPHIC TECHNICIANS
218,SURVEYING AND MAPPING TECHNICIANS,3739,"SURVEYING AND MAPPING TECHNICIANS, NOT ELSEWHERE CL"
223,BIOLOGICAL TECHNICIANS,382,"BIOLOGICAL TECHNOLOGISTS AND TECHNICIANS, EXCEPT HE"
224,CHEMICAL TECHNICIANS,3831,CHEMICAL TECHNOLOGISTS AND TECHNICIANS
225,"SCIENCE TECHNICIANS, N.E.C.",3832,NUCLEAR TECHNOLOGISTS AND TECHNICIANS
225,"SCIENCE TECHNICIANS, N.E.C.",3833,PETROLEUM TECHNOLOGISTS AND TECHNICIANS
225,"SCIENCE TECHNICIANS, N.E.C.",384,MATHEMATICAL TECHNICIANS
225,"SCIENCE TECHNICIANS, N.E.C.",389,"SCIENCE TECHNOLOGISTS AND TECHNICIANS, NOT ELSEWHER"
226,AIRPLANE PILOTS AND NAVIGATORS,825,AIRPLANE PILOTS AND NAVIGATORS
227,AIR TRAFFIC CONTROLLERS,392,AIR TRAFFIC CONTROLLERS
228,BROADCAST EQUIPMENT OPERATORS,393,RADIO AND RELATED OPERATORS
229,COMPUTER PROGRAMMERS,3971,"PROGRAMERS, BUSINESS"
229,COMPUTER PROGRAMMERS,3972,"PROGRAMERS, SCIENTIFIC"
233,"TOOL PROGRAMMERS, NUMERICAL CONTROL",3974,"PROGRAMERS, NUMERICAL, TOOL AND PROCESS CONTROL"
234,LEGAL ASSISTANTS,396,LEGAL TECHNICIANS
235,"TECHNICIANS, N.E.C.",399,"TECHNICIANS, NOT ELSEWHERE CLASSIFIED"
243,"SUPERVISORS AND PROPRIETORS, SALES OCCUPATIONS,SALARIED&SELF-EMPLOYED",401,"SUPERVISORS; SALES OCCUPATIONS, INSURANCE, REAL EST"
243,"SUPERVISORS AND PROPRIETORS, SALES OCCUPATIONS,SALARIED&SELF-EMPLOYED",402,"SUPERVISORS; SALES OCCUPATIONS, COMMODITIES EXCEPT"
243,"SUPERVISORS AND PROPRIETORS, SALES OCCUPATIONS,SALARIED&SELF-EMPLOYED",403,"SUPERVISORS; SALES OCCUPATIONS, RETAIL"
253,INSURANCE SALES OCCUPATIONS,4122,INSURANCE SALES OCCUPATIONS
254,REAL ESTATE SALES OCCUPATIONS,4123,REAL ESTATE SALES OCCUPATIONS
255,SECURITIES AND FINANCIAL SERVICES SALES OCCUPATIONS,4124,SECURITIES AND FINANCIAL SERVICES SALES OCCUPATIONS
256,ADVERTISING AND RELATED SALES OCCUPATIONS,4153,ADVERTISING AND RELATED SALES OCCUPATIONS
257,"SALES OCCUPATIONS, OTHER BUSINESS  SERVICES",4152,"BUSINESS SERVICE, EXCEPT ADVERTISING, SALES OCCUPAT"
258,SALES ENGINEERS,421,SALES ENGINEERS
259,"SALES REPRESENTATIVES, MINING, MANUFACTURING, AND WHOLSALE",4232,"TECHNICAL SALES WORKERS, AIRCRAFT"
259,"SALES REPRESENTATIVES, MINING, MANUFACTURING, AND WHOLSALE",4233,"TECHNICAL SALES WORKERS, AGRICULTURAL EQUIPMENT AND"
259,"SALES REPRESENTATIVES, MINING, MANUFACTURING, AND WHOLSALE",4234,"TECHNICAL SALES WORKERS, ELECTRONIC EQUIPMENT"
259,"SALES REPRESENTATIVES, MINING, MANUFACTURING, AND WHOLSALE",4235,"TECHNICAL SALES WORKERS, INDUSTRIAL MACHINERY, EQUI"
259,"SALES REPRESENTATIVES, MINING, MANUFACTURING, AND WHOLSALE",4236,"TECHNICAL SALES WORKERS, MEDICAL AND DENTAL EQUIPME"
259,"SALES REPRESENTATIVES, MINING, MANUFACTURING, AND WHOLSALE",4237,TECHNICAL SALES WORKERS; CHEMICALS AND CHEMICAL PRO
259,"SALES REPRESENTATIVES, MINING, MANUFACTURING, AND WHOLSALE",4239,"TECHNICAL SALES WORKERS, NOT ELSEWHERE CLASSIFIED"
259,"SALES REPRESENTATIVES, MINING, MANUFACTURING, AND WHOLSALE",4242,"SALES REPRESENTATIVES, COMMERCIAL AND INDUSTRIAL EQ"
259,"SALES REPRESENTATIVES, MINING, MANUFACTURING, AND WHOLSALE",4243,"SALES REPRESENTATIVES, GARMENTS AND RELATED TEXTILE"
259,"SALES REPRESENTATIVES, MINING, MANUFACTURING, AND WHOLSALE",4244,"SALES REPRESENTATIVES, MOTOR VEHICLES AND SUPPLIES"
259,"SALES REPRESENTATIVES, MINING, MANUFACTURING, AND WHOLSALE",4245,"SALES REPRESENTATIVES; PULP, PAPER, AND PAPER PRODU"
259,"SALES REPRESENTATIVES, MINING, MANUFACTURING, AND WHOLSALE",4246,SALES REPRESENTATIVES; FARM PRODUCTS AND LIVESTOCK
259,"SALES REPRESENTATIVES, MINING, MANUFACTURING, AND WHOLSALE",4249,SALES REPRESENTATIVES; NOT ELSEWHERE CLASSIFIED
263,"SALES WORKERS, MOTOR VEHICLES AND BOATS",4342,"SALESPERSONS; MOTOR VEHICLES, MOBILE HOMES, AND SUP"
263,"SALES WORKERS, MOTOR VEHICLES AND BOATS",4344,SALESPERSONS; BOATS AND MARINE EQUIPMENT AND SUPPLI
264,"SALES WORKERS, APPAREL",4346,SALESPERSONS; GARMENTS AND TEXTILE PRODUCTS
265,"SALES WORKERS, SHOES",4351,"SALESPERSONS, SHOES"
266,"SALES WORKERS, FURNITURE AND HOME FURNISHINGS",4348,SALESPERSONS; FURNITURE AND HOME FURNISHINGS
267,"SALES WORKERS, RADIO, TV, HI-FI, AND APPLIANCES",4343,SALESPERSONS; MUSICAL INSTRUMENTS AND SUPPLIES
267,"SALES WORKERS, RADIO, TV, HI-FI, AND APPLIANCES",4352,"SALESPERSONS; RADIO, TELEVISION, HIGH FIDELITY, AND"
268,"SALES WORKERS, HARDWARE AND BUILDING SUPPLIES",4353,SALESPERSONS; HARDWARE
269,"SALES WORKERS, PARTS",4367,SALESPERSONS; PARTS
274,"SALES WORKERS, OTHER COMMODITIES",4345,SALESPERSONS; SPORTING GOODS
274,"SALES WORKERS, OTHER COMMODITIES",4347,"SALESPERSONS; BOOKS, STAMPS, COINS, AND STATIONERY"
274,"SALES WORKERS, OTHER COMMODITIES",4354,"SALESPERSONS; COSMETICS, TOILETRIES, AND ALLIED PRO"
274,"SALES WORKERS, OTHER COMMODITIES",4356,SALESPERSONS; JEWELRY AND RELATED PRODUCTS
274,"SALES WORKERS, OTHER COMMODITIES",4359,SALESPERSONS; NOT ELSEWHERE CLASSIFIED
274,"SALES WORKERS, OTHER COMMODITIES",4362,SALES CLERKS
274,"SALES WORKERS, OTHER COMMODITIES",4369,"SALES OCCUPATIONS; SERVICES, NOT ELSEWHERE CLASSIFI"
275,SALES COUNTER CLERKS,4363,COUNTER CLERKS
276,CASHIERS,4364,CASHIERS
277,STREET AND DOOR-TO-DOOR SALES WORKERS,4366,"STREET VENDORS, DOOR-TO-DOOR SALES WORKERS, AND REL"
278,NEWS VENDORS,4365,NEWS VENDORS
283,"DEMONSTRATORS, PROMOTERS AND MODELS, SALES",445,"DEMONSTRATORS, PROMOTERS, AND MODELS"
284,AUCTIONEERS,447,AUCTIONEERS
285,"SALES SUPPORT OCCUPATIONS, N.E.C.",444,APPRAISERS AND RELATED OCCUPATIONS
285,"SALES SUPPORT OCCUPATIONS, N.E.C.",446,SHOPPERS
285,"SALES SUPPORT OCCUPATIONS, N.E.C.",449,"SALES OCCUPATIONS; OTHER, NOT ELSEWHERE CLASSIFIED"
303,"SUPERVISORS, GENERAL OFFICE",4511,SUPERVISORS; GENERAL OFFICE OCCUPATIONS
303,"SUPERVISORS, GENERAL OFFICE",4513,"SUPERVISORS; SECRETARIES, STENOGRAPHERS AND TYPISTS"
303,"SUPERVISORS, GENERAL OFFICE",4514,SUPERVISORS; INFORMATION CLERKS
303,"SUPERVISORS, GENERAL OFFICE",4516,SUPERVISORS; CORRESPONDENCE CLERKS AND ORDER CLERKS
303,"SUPERVISORS, GENERAL OFFICE",4519,SUPERVISORS; RECORD CLERKS
303,"SUPERVISORS, GENERAL OFFICE",4529,SUPERVISORS; MISCELLANEOUS ADMINISTRATIVE SUPPORT O
304,"SUPERVISORS, COMPUTER EQUIPMENT OPERATORS",4512,SUPERVISORS; COMPUTER AND PERIPHERAL EQUIPMENT OPER
305,"SUPERVISORS, FINANCIAL RECORDS PROCESSING",4521,SUPERVISORS; FINANCIAL RECORD PROCESSING OCCUPATION
306,CHIEF COMMUNICATIONS OPERATORS,4523,CHIEF COMMUNICATIONS OPERATORS
307,"SUPERVISORS, DISTRIBUTION, SCHEDULING AND ADJUSTING CLERKS",4522,"SUPERVISORS; DUPLICATING, MAIL AND OTHER OFFICE MAC"
307,"SUPERVISORS, DISTRIBUTION, SCHEDULING AND ADJUSTING CLERKS",4524,SUPERVISORS; MAIL AND MESSAGE DISTRIBUTION CLERKS
307,"SUPERVISORS, DISTRIBUTION, SCHEDULING AND ADJUSTING CLERKS",4525,"SUPERVISORS; MATERIAL RECORDING, SCHEDULING, AND DI"
307,"SUPERVISORS, DISTRIBUTION, SCHEDULING AND ADJUSTING CLERKS",4528,"SUPERVISORS; ADJUSTERS, INVESTIGATORS, AND COLLECTO"
308,COMPUTER OPERATORS,4612,COMPUTER OPERATORS
309,PERIPHERAL EQUIPMENT OPERATORS,4613,PERIPHERAL EQUIPMENT OPERATORS
313,SECRETARIES,4622,SECRETARIES
314,STENOGRAPHERS,4623,STENOGRAPHERS
315,TYPISTS,4624,TYPISTS
316,INTERVIEWERS,4642,INTERVIEWING CLERKS
317,HOTEL CLERKS,4643,HOTEL CLERKS
318,TRANSPORTATION TICKET AND RESERVATION AGENTS,4644,RESERVATION AGENTS AND TRANSPORTATION TICKET CLERKS
319,RECEPTIONISTS,4645,RECEPTIONISTS
323,"INFORMATION CLERKS, N.E.C.",4649,"INFORMATION CLERKS, NOT ELSEWHERE CLASSIFIED"
325,CLASSIFIED-AD CLERKS,4662,CLASSIFIED-AD CLERKS
326,CORRESPONDENCE CLERKS,4663,CORRESPONDENCE CLERKS
327,ORDER CLERKS,4664,ORDER CLERKS
328,"PERSONNEL CLERKS, EXCEPT PAYROLL AND TIMEKEEPING",4692,"PERSONNEL CLERKS, EXCEPT PAYROLL AND TIMEKEEPING"
329,LIBRARY CLERKS,4694,LIBRARY CLERKS
335,FILE CLERKS,4696,FILE CLERKS
336,RECORDS CLERKS,4699,"RECORD CLERKS, NEC"
337,"BOOKKEEPERS, ACCOUNTING AND AUDITING CLERKS",4712,BOOKKEEPING AND ACCOUNTING AND AUDITING CLERKS
338,PAYROLL AND TIMEKEEPING CLERKS,4713,PAYROLL AND TIMEKEEPING CLERKS
339,BILLING CLERKS,4715,BILLING CLERKS
343,COST AND RATE CLERKS,4716,COST AND RATE CLERKS
344,"BILLING, POSTING, AND CALCULATING MACHINE OPERATORS",4718,"BILLING, POSTING, AND CALCULATING MACHINE OPERATORS"
345,DUPLICATING MACHINE OPERATORS,4722,DUPLICATING MACHINE OPERATORS
346,MAIL PREPARING AND PAPER HANDLING MACHINE OPERATORS,4723,MAIL PREPARING AND HANDLING MACHINE OPERATORS
347,"OFFICE MACHINE OPERATORS, N.E.C.",4729,"OFFICE MACHINE OPERATORS, NOT ELSEWHERE CLASSIFIED"
348,TELEPHONE OPERATORS,4732,TELEPHONE OPERATORS
349,TELEGRAPHERS,4733,TELEGRAPHERS
353,"COMMUNICATIONS EQUIPMENT OPERATORS, N.E.C.",4739,"COMMUNICATIONS EQUIPMENT OPERATORS, NOT ELSEWHERE C"
354,"POSTAL CLERKS, EXC. MAIL CARRIERS",4742,"POSTAL CLERKS, EXCEPT MAIL CARRIERS"
355,"MAIL CARRIERS, POSTAL SERVICE",4743,"MAIL CARRIERS, POST OFFICE"
356,"MAIL CLERKS, EXC. POSTAL SERVICE",4744,"MAIL CLERKS, EXCEPT POST OFFICE"
357,MESSENGERS,4745,MESSENGERS
359,DISPATCHERS,4751,DISPATCHERS
363,PRODUCTION COORDINATORS,4752,PRODUCTION AND PLANNING CLERKS
364,"TRAFFIC, SHIPPING, AND RECEIVING CLERKS",4753,"TRAFFIC, SHIPPING, AND RECEIVING CLERKS"
365,STOCK AND INVENTORY CLERKS,4754,STOCK AND INVENTORY CLERKS
366,METER READERS,4755,METER READERS
368,"WEIGHERS, MEASURERS, AND CHECKERS",4756,"WEIGHERS, MEASURERS, AND CHECKERS"
369,SAMPLERS,4757,SAMPLERS
373,EXPEDITERS,4758,EXPEDITERS
374,"MATERIAL RECORDING, SCHEDULING, AND DISTRIBUTING CLERKS, N.E.C.",4759,"MATERIAL RECORDING, SCHEDULING, AND DISTRIBUTING CL"
375,"INSURANCE ADJUSTERS, EXAMINERS, AND INVESTIGATORS",4782,"INSURANCE ADJUSTERS, EXAMINERS, AND INVESTIGATORS"
376,"INVESTIGATORS AND ADJUSTERS, EXCEPT INSURANCE",4783,"INVESTIGATORS AND ADJUSTERS, EXCEPT INSURANCE"
377,"ELIGIBILITY CLERKS, SOCIAL WELFARE",4784,"CLERKS, SOCIAL WELFARE"
378,BILL AND ACCOUNT COLLECTORS,4786,BILL AND ACCOUNT COLLECTORS
379,GENERAL OFFICE CLERKS,463,GENERAL OFFICE OCCUPATIONS
383,BANK TELLERS,4791,BANK TELLERS
384,PROOFREADERS,4792,PROOF READERS
385,DATA-ENTRY KEYERS,4793,DATA ENTRY KEYERS
386,STATISTICAL CLERKS,4794,STATISTICAL CLERKS
387,TEACHERS AIDES,4795,TEACHER AIDES
389,"ADMINISTRATIVE SUPPORT OCCUPATIONS, N.E.C.",4787,LICENSE CLERKS
389,"ADMINISTRATIVE SUPPORT OCCUPATIONS, N.E.C.",4799,"ADMINISTRATIVE SUPPORT OCCUPATIONS, INCLUDING CLERI"
403,LAUNDERERS AND IRONERS,503,LAUNDERERS AND IRONERS
404,"COOKS, PRIVATE HOUSEHOLD",504,"COOKS, PRIVATE HOUSEHOLD"
405,HOUSEKEEPERS AND BUTLERS,505,HOUSEKEEPERS AND BUTLERS
406,"CHILD CARE WORKERS, PRIVATE HOUSEHOLD",506,"CHILD CARE WORKERS, PRIVATE HOUSEHOLD"
407,PRIVATE HOUSEHOLD CLEANERS AND SERVANTS,502,DAY WORKERS
407,PRIVATE HOUSEHOLD CLEANERS AND SERVANTS,507,PRIVATE HOUSEHOLD CLEANERS AND SERVANTS
407,PRIVATE HOUSEHOLD CLEANERS AND SERVANTS,509,"PRIVATE HOUSEHOLD OCCUPATIONS, NOT ELSEWHERE CLASSI"
413,"SUPERVISORS, FIREFIGHTING AND FIRE PREVENTION OCCUPATIONS",5111,SUPERVISORS; FIREFIGHTING AND FIRE PREVENTION OCCUP
414,"SUPERVISORS, POLICE AND DETECTIVES",5112,SUPERVISORS; POLICE AND DETECTIVES
415,"SUPERVISORS, GUARDS",5113,SUPERVISORS; GUARDS
416,FIRE INSPECTION AND FIRE PREVENTION OCCUPATIONS,5122,FIRE INSPECTION AND FIRE PREVENTION OCCUPATIONS
417,FIREFIGHTING OCCUPATIONS,5123,FIREFIGHTING OCCUPATIONS
418,"POLICE AND DETECTIVES, PUBLIC SERVICE",5132,"POLICE AND DETECTIVES, PUBLIC SERVICE"
423,"SHERIFFS, BAILIFFS, AND OTHER LAW ENFORCEMENT OFFICERS",5134,"SHERIFFS, BAILIFFS AND OTHER LAW ENFORCEMENT OFFICE"
424,CORRECTIONAL INSTITUTION OFFICERS,5133,CORRECTIONAL INSTITUTION OFFICERS
425,CROSSING GUARDS,5142,CROSSING GUARDS
426,"GUARDS AND POLICE, EXC. PUBLIC SERVICE",5144,"GUARDS AND POLICE, EXCEPT PUBLIC SERVICE"
427,"PROTECTIVE SERVICE OCCUPATIONS, N.E.C.",5149,"PROTECTIVE SERVICE OCCUPATIONS, NEC"
433,"SUPERVISORS, FOOD PREPARATION AND SERVICE OCCUPATIONS",5211,SUPERVISORS; FOOD AND BEVERAGE PREPARATION AND SERV
434,BARTENDERS,5212,BARTENDERS
435,WAITERS AND WAITRESSES,5213,WAITERS AND WAITRESSES
436,"COOKS, EXCEPT SHORT ORDER",5214,"COOKS, EXCEPT SHORT ORDER"
437,SHORT-ORDER COOKS,5215,SHORT-ORDER COOKS
438,"FOOD COUNTER, FOUNTAIN AND RELATED OCCUPATIONS",5216,"FOOD COUNTER, FOUNTAIN AND RELATED OCCUPATIONS"
439,"KITCHEN WORKERS, FOOD PREPARATION",5217,"KITCHEN WORKERS, FOOD PREPARATION"
443,WAITERS/WAITRESSES ASSISTANTS,5218,WAITERS'/WAITRESSES' ASSISTANTS
444,MISCELLANEOUS FOOD PREPARATION OCCUPATIONS,5219,MISCELLANEOUS FOOD AND BEVERAGE PREPARATION OCCUPAT
445,DENTAL ASSISTANTS,5232,DENTAL ASSISTANTS
446,"HEALTH AIDES, EXCEPT NURSING",5233,"HEALTH AIDES, EXCEPT NURSING"
447,"NURSING AIDES, ORDERLIES, AND ATTENDANTS",5236,"NURSING AIDES, ORDERLIES, AND ATTENDANTS"
448,"SUPERVISORS, CLEANING AND BUILDING SERVICE WORKERS",5241,SUPERVISORS; CLEANING AND BUILDING SERVICE WORKERS
449,MAIDS AND HOUSEMEN,5242,MAIDS AND HOUSEMEN
449,MAIDS AND HOUSEMEN,5249,"CLEANING AND BUILDING SERVICE OCCUPATIONS, NOT ELSE"
453,JANITORS AND CLEANERS,5244,JANITORS AND CLEANERS
454,ELEVATOR OPERATORS,5245,ELEVATOR OPERATORS
455,PEST CONTROL OCCUPATIONS,5246,PEST CONTROL OCCUPATIONS
456,"SUPERVISORS, PERSONAL SERVICE OCCUPATIONS",5251,SUPERVISORS; PERSONAL SERVICE OCCUPATIONS
457,BARBERS,5252,BARBERS
458,HAIRDRESSERS AND COSMETOLOGISTS,5253,HAIRDRESSERS AND COSMETOLOGISTS
459,"ATTENDANTS, AMUSEMENT AND RECREATION FACILITIES",5254,"ATTENDANTS, AMUSEMENT AND RECREATION FACILITIES"
463,GUIDES,5255,GUIDES
464,USHERS,5256,USHERS
465,PUBLIC TRANSPORTATION ATTENDANTS,5257,PUBLIC TRANSPORTATION ATTENDANTS
466,BAGGAGE PORTERS AND BELLHOPS,5262,BAGGAGE PORTERS AND BELLHOPS
467,WELFARE SERVICE AIDES,5263,WELFARE SERVICE AIDES
468,"CHILD CARE WORKERS, EXCEPT PRIVATE HOUSEHOLD",5264,"CHILD CARE WORKERS, EXCEPT PRIVATE HOUSEHOLD"
469,"PERSONAL SERVICE OCCUPATIONS, N.E.C.",5258,WARDROBE AND DRESSING ROOM ATTENDANTS
469,"PERSONAL SERVICE OCCUPATIONS, N.E.C.",5269,"PERSONAL SERVICE OCCUPATIONS, NOT ELSEWHERE CLASSIF"
473,"FARMERS, EXCEPT HORTICULTURAL",5512,GENERAL FARMERS
473,"FARMERS, EXCEPT HORTICULTURAL",5513,"CROP, VEGETABLE, FRUIT AND TREE NUT FARMERS"
473,"FARMERS, EXCEPT HORTICULTURAL",5514,"LIVESTOCK, DAIRY, POULTRY AND FISH FARMERS"
474,HORTICULTURAL SPECIALTY FARMERS,5515,HORTICULTURAL SPECIALTY FARMERS
475,"MANAGERS, FARMS, EXCEPT HORTICULTURAL",5522,MANAGERS; GENERAL FARM
475,"MANAGERS, FARMS, EXCEPT HORTICULTURAL",5523,"MANAGERS; CROP, VEGETABLE, FRUIT AND TREE NUT FARM"
475,"MANAGERS, FARMS, EXCEPT HORTICULTURAL",5524,"MANAGERS; LIVESTOCK, DAIRY, POULTRY AND FISH FARM"
476,"MANAGERS, HORTICULTURAL SPECIALTY FARMS",5525,MANAGERS; HORTICULTURAL SPECIALTY FARM
477,"SUPERVISORS, FARM WORKERS",5611,SUPERVISORS; FARM WORKERS
479,FARM WORKERS,5612,GENERAL FARM WORKERS
479,FARM WORKERS,5613,FIELD CROP AND VEGETABLE FARM WORKERS (HAND)
479,FARM WORKERS,5614,ORCHARD AND VINEYARD AND RELATED WORKERS (HAND)
479,FARM WORKERS,5615,IRRIGATION WORKERS
479,FARM WORKERS,5616,FARM MACHINERY OPERATORS
479,FARM WORKERS,5617,LIVESTOCK WORKERS
483,MARINE LIFE CULTIVATION WORKERS,5618,MARINE LIFE CULTIVATION WORKERS
484,NURSERY WORKERS,5619,NURSERY WORKERS
485,"SUPERVISORS, RELATED AGRICULTURAL OCCUPATIONS",5621,SUPERVISORS; RELATED AGRICULTURAL WORKERS
486,"GROUNDSKEEPERS AND GARDENERS, EXCEPT FARM",5622,"GROUNDSKEEPERS AND GARDENERS, EXCEPT FARM"
487,"ANIMAL CARETAKERS, EXCEPT FARM",5624,"ANIMAL CARETAKERS, EXCEPT FARM"
488,"GRADERS AND SORTERS, AGRICULTURAL PRODUCTS",5625,GRADERS AND SORTERS; AGRICULTURAL PRODUCTS
489,"INSPECTORS, AGRICULTURAL PRODUCTS",5627,INSPECTORS; AGRICULTURAL PRODUCTS
494,"SUPERVISORS, FORESTRY AND LOGGING WORKERS",571,SUPERVISORS; FORESTRY AND LOGGING WORKERS
495,"FORESTRY WORKERS, EXCEPT LOGGING",572,"FORESTRY WORKERS, EXCEPT LOGGING"
496,TIMBER CUTTING AND LOGGING OCCUPATIONS,573,TIMBER CUTTING AND RELATED OCCUPATIONS
496,TIMBER CUTTING AND LOGGING OCCUPATIONS,579,"LOGGING OCCUPATIONS, NOT ELSEWHERE CLASSIFIED"
497,"CAPTAINS AND OTHER OFFICERS, FISHING VESSELS",8241,SHIP CAPTAINS AND MATES
498,FISHERS,583,FISHERS
499,HUNTERS AND TRAPPERS,584,HUNTERS AND TRAPPERS
503,"SUPERVISORS, MECHANICS AND REPAIRERS",60,SUPERVISORS; MECHANICS AND REPAIRERS
505,"AUTOMOBILE MECHANICS, EXC. APPRENTICES",6111,AUTOMOBILE MECHANICS
506,AUTOMOBILE MECHANIC APPRENTICES,6111,AUTOMOBILE MECHANICS
507,"BUS, TRUCK, AND STATIONARY ENGINE MECHANICS",6112,"BUS AND TRUCK ENGINE, AND DIESEL ENGINE MECHANICS"
508,AIRCRAFT ENGINE MECHANICS,6113,AIRCRAFT ENGINE MECHANICS
509,SMALL ENGINE REPAIRERS,6114,SMALL ENGINE REPAIRERS
514,AUTOMOBILE BODY AND RELATED REPAIRERS,6115,AUTOMOTIVE BODY AND RELATED REPAIRERS
515,"AIRCRAFT MECHANICS, EXC. ENGINE",6116,AIRCRAFT MECHANICS (EXCEPT ENGINE SPECIALISTS)
516,HEAVY EQUIPMENT MECHANICS,6117,HEAVY EQUIPMENT MECHANICS
517,FARM EQUIPMENT MECHANICS,6118,FARM EQUIPMENT MECHANICS
518,INDUSTRIAL MACHINERY REPAIRERS,613,INDUSTRIAL MACHINERY REPAIRERS *
519,MACHINERY MAINTENANCE OCCUPATIONS,614,MACHINERY MAINTENANCE OCCUPATIONS
523,"ELECTRONIC REPAIRERS, COMMUNICATIONS AND INDUSTRIAL EQUIPMENT",6151,COMMUNICATIONS EQUIPMENT REPAIRERS
523,"ELECTRONIC REPAIRERS, COMMUNICATIONS AND INDUSTRIAL EQUIPMENT",6153,"ELECTRICAL AND ELECTRONIC REPAIRERS, COMMERCIAL AND"
523,"ELECTRONIC REPAIRERS, COMMUNICATIONS AND INDUSTRIAL EQUIPMENT",6155,"ELECTRONIC REPAIRERS, HOME-ENTERTAINMENT EQUIPMENT"
525,DATA PROCESSING EQUIPMENT REPAIR,6154,DATA PROCESSING EQUIPMENT REPAIRERS
526,HOUSEHOLD APPLIANCE AND POWER TOOL REPAIRERS,6156,HOUSEHOLD APPLIANCE AND POWER TOOL REPAIRERS
527,TELEPHONE LINE INSTALLERS AND REPAIRERS,6157,TELEPHONE LINE INSTALLERS AND REPAIRERS
529,TELEPHONE INSTALLERS AND REPAIRERS,6158,TELEPHONE INSTALLERS AND REPAIRERS
533,MISCELLANEOUS ELECTRICAL AND ELECTRONIC EQUIPMENT REPAIRERS,6152,"ELECTRIC MOTOR, TRANSFORMER, AND RELATED REPAIRERS"
533,MISCELLANEOUS ELECTRICAL AND ELECTRONIC EQUIPMENT REPAIRERS,6159,MISC ELECRICAL AND ELECTRONIC EQUIPMENT REPAIRERS
534,"HEATING, AIR CONDITIONING, AND REFRIGERATION MECHANICS",616,"HEATING, AIR-CONDITIONING, AND REFRIGERATION MECHAN"
535,"CAMERA, WATCH, AND MUSICAL INSTRUMENT REPAIRERS",6171,"CAMERA, WATCH, AND OTHER PRECISION INSTRUMENT REPAI"
535,"CAMERA, WATCH, AND MUSICAL INSTRUMENT REPAIRERS",6172,MUSICAL INSTRUMENT REPAIRERS AND TUNERS
536,LOCKSMITHS AND SAFE REPAIRERS,6173,LOCKSMITHS AND SAFE REPAIRERS
538,OFFICE MACHINE REPAIRERS,6174,OFFICE MACHINE REPAIRERS
539,MECHANICAL CONTROLS AND VALVE  REPAIRERS,6175,MECHANICAL CONTROLS AND VALVE REPAIRERS
543,ELEVATOR INSTALLERS AND REPAIRER,6176,ELEVATOR INSTALLERS AND REPAIRERS
544,MILLWRIGHTS,6178,MILLWRIGHTS
547,"SPECIFIED MECHANICS AND REPAIRERS, N.E.C.",6177,RIGGERS
547,"SPECIFIED MECHANICS AND REPAIRERS, N.E.C.",6179,"MECHANICS AND REPAIRERS, NOT ELSEWHERE CLASSIFIED"
553,"SUPERVISORS, BRICKMASONS, STONEMASONS, AND TILE SETTERS",6312,"SUPERVISORS; BRICKMASONS, STONEMASONS, AND HARD TIL"
554,"SUPERVISORS, CARPENTERS AND RELATED WORKERS",6313,SUPERVISORS; CARPENTERS AND RELATED WORKERS
555,"SUPERVISORS, ELECTRICIANS AND POWER TRANSMISSION INSTALLERS",6314,SUPERVISORS; ELECTRICIANS AND POWER TRANSMISSION IN
556,"SUPERVISORS, PAINTERS, PAPERHANGERS AND PLASTERERS",6315,"SUPERVISORS; PAINTERS, PAPERHANGERS, AND PLASTERERS"
557,"SUPERVISORS, PLUMBERS, PIPEFITTERS AND STEAMFITTERS",6316,SUPERVISORS; PLUMBERS AND PIPEFITTERS AND STEAMFITT
558,"SUPERVISORS, N.E.C.",6311,SUPERVISORS; OVERALL CONSTRUCTION
558,"SUPERVISORS, N.E.C.",6318,SUPERVISORS; OTHER CONSTRUCTION TRADES
563,"BRICKMASONS AND STONEMASONS, EXCEPT APPRENTICES",6412,BRICKMASONS
563,"BRICKMASONS AND STONEMASONS, EXCEPT APPRENTICES",6413,STONEMASONS
564,BRICKMASON AND STONEMASON APPRENTICES,6412,BRICKMASONS
564,BRICKMASON AND STONEMASON APPRENTICES,6413,STONEMASONS
565,"TILE SETTERS, HARD AND SOFT",6414,"TILE SETTERS, HARD"
565,"TILE SETTERS, HARD AND SOFT",6462,CARPET AND SOFT TILE INSTALLERS
566,CARPET INSTALLERS,6462,CARPET AND SOFT TILE INSTALLERS
567,"CARPENTERS, EXCEPT APPRENTICES",6422,CARPENTERS
569,CARPENTER APPRENTICES,6422,CARPENTERS
573,DRYWALL INSTALLERS,6424,DRYWALL INSTALLERS
575,"ELECTRICIANS, EXCEPT APPRENTICES",6432,ELECTRICIANS
576,ELECTRICIAN APPRENTICES,6432,ELECTRICIANS
577,ELECTRICAL POWER INSTALLERS AND REPAIRERS,6433,ELECTRICAL POWER INSTALLERS AND REPAIRERS
579,"PAINTERS, CONSTRUCTION AND MAINTENANCE",6442,PAINTERS (CONSTRUCTION AND MAINTENANCE)
583,PAPERHANGERS,6443,PAPERHANGERS
584,PLASTERERS,6444,PLASTERERS
585,"PLUMBERS, EXCEPT APPRENTICES",645,"PLUMBERS, PIPEFITTERS AND STEAMFITTERS"
587,"PLUMBER, PIPEFITTER, AND STEAMFITTER APPRENTICES",645,"PLUMBERS, PIPEFITTERS AND STEAMFITTERS"
588,CONCRETE AND TERRAZZO FINISHERS,6463,CONCRETE AND TERRAZZO FINISHERS
589,GLAZIERS,6464,GLAZIERS
593,INSULATION WORKERS,6465,INSULATION WORKERS
594,"PAVING, SURFACING, AND TAMPING EQUIPMENT OPERATORS",6466,"PAVING, SURFACING, AND TAMPING EQUIPMENT OPERATORS"
595,ROOFERS,6468,ROOFERS
596,SHEETMETAL DUCT INSTALLERS,6472,Sheetmetal Duct Installers
597,STRUCTURAL METAL WORKERS,6473,STRUCTURAL METAL WORKERS
598,"DRILLERS, EARTH",6474,"DRILLERS, EARTH"
599,"CONSTRUCTION TRADES, N.E.C.",6467,RAIL AND TRACK LAYING EQUIPMENT OPERATORS
599,"CONSTRUCTION TRADES, N.E.C.",6475,AIR HAMMER OPERATORS
599,"CONSTRUCTION TRADES, N.E.C.",6476,PILE DRIVING OPERATORS
599,"CONSTRUCTION TRADES, N.E.C.",6479,"CONSTRUCTION TRADES, NOT ELSEWHERE CLASSIFIED"
613,"SUPERVISORS, EXTRACTIVE OCCUPATIONS",632,SUPERVISORS; EXTRACTIVE OCCUPATIONS
614,"DRILLERS, OIL WELL",652,"DRILLERS, OIL WELL"
615,EXPLOSIVES WORKERS,653,EXPLOSIVE WORKERS
616,MINING MACHINE OPERATORS,654,MINING MACHINE OPERATORS
617,"MINING OCCUPATIONS, N.E.C.",656,"EXTRACTIVE OCCUPATIONS, NEC"
633,"SUPERVISORS, PRODUCTION OCCUPATIONS",67,SUPERVISORS; PRECISION PRODUCTION OCCUPATIONS
633,"SUPERVISORS, PRODUCTION OCCUPATIONS",71,SUPERVISORS; PRODUCTION OCCUPATIONS
634,"TOOL AND DIE MAKERS, EXCEPT APPRENTICES",6811,TOOL AND DIE MAKERS
635,TOOL AND DIE MAKER APPRENTICES,6811,TOOL AND DIE MAKERS
636,"PRECISION ASSEMBLERS, METAL",6812,PRECISION ASSEMBLERS (METAL)
637,"MACHINISTS, EXCEPT APPRENTICES",6813,MACHINISTS
639,MACHINIST APPRENTICES,6813,MACHINISTS
643,BOILERMAKERS,6814,BOILERMAKERS
644,"PRECISION GRINDERS, FITTERS, AND TOOL SHARPENERS",6816,"PRECISION GRINDERS, FILERS, AND TOOL SHARPENERS"
645,"PATTERNMAKERS AND MODEL MAKERS, METAL",6817,PATTERNMAKERS AND MODEL MAKERS (METAL)
646,LAY-OUT WORKERS,6821,LAY-OUT WORKERS
647,PRECIOUS STONES AND METALS WORKERS(JEWELERS),6822,PRECISION HAND MOLDERS AND SHAPERS (JEWELERS)
647,PRECIOUS STONES AND METALS WORKERS(JEWELERS),6866,GEM AND DIAMOND WORKING OCCUPATIONS
649,"ENGRAVERS, METAL",6823,ENGRAVERS
653,"SHEET METAL WORKERS, EXCEPT APPRENTICES",6824,SHEET METAL WORKERS
654,SHEET METAL WORKER APPRENTICES,6824,SHEET METAL WORKERS
655,MISCELLANEOUS PRECISION METAL WORKERS,6829,MISCELLANEOUS PRECISION METAL WORKERS
656,"PATTERNMAKERS AND MODEL MAKERS, WOOD",6831,"PATTERNMAKERS AND MODEL MAKERS, WOOD"
657,CABINET MAKERS AND BENCH CARPENTERS,6832,CABINET MAKERS AND BENCH CARPENTERS
658,FURNITURE AND WOOD FINISHERS,6835,FURNITURE FINISHERS
659,MISCELLANEOUS PRECISION WOODWORKERS,6839,MISCELLANEOUS PRECISION WOODWORKERS
666,DRESSMAKERS,6852,"TAILORS AND DRESSMAKERS, HAND"
666,DRESSMAKERS,7752,HAND SEWING OCCUPATIONS
667,TAILORS,6852,"TAILORS AND DRESSMAKERS, HAND"
668,UPHOLSTERERS,6853,UPHOLSTERERS
669,SHOE REPAIRERS,6854,SHOEMAKERS AND LEATHER WORKERS AND REPAIRERS
673,APPAREL AND FABRIC PATTERNMAKERS,6856,APPAREL AND FABRIC PATTERNMAKERS
674,MISCELLANEOUS PRECISION APPAREL AND FABRIC WORKERS,6859,MISCELLANEOUS PRECISION APPAREL AND FABRIC WORKERS
674,MISCELLANEOUS PRECISION APPAREL AND FABRIC WORKERS,7752,HAND SEWING OCCUPATIONS
675,"HAND MOLDERS AND SHAPERS, EXCEPT JEWELERS",6861,PRECISION HAND MOLDERS AND SHAPERS (EXCEPT JEWELERS
676,"PATTERNMAKERS, LAY-OUT WORKERS, AND CUTTERS",6862,"PRECISION PATTERNMAKERS, LAY-OUT WORKERS AND CUTTER"
677,OPTICAL GOODS WORKERS,6864,OPTICAL GOODS WORKERS
677,OPTICAL GOODS WORKERS,7477,"CRUSHING, GRINDING AND POLISHING MACHINE SETUP OPER"
677,OPTICAL GOODS WORKERS,7677,"CRUSHING, GRINDING AND POLISHING MACHINE OPERATORS"
678,DENTAL LABORATORY AND MEDICAL APPLIANCE TECHNICIAN,6865,DENTAL LABORATORY TECHNICIANS
679,BOOKBINDERS,6844,BOOKBINDERS
683,ELECTRICAL AND ELECTRONIC EQUIPMENT ASSEMBLERS,6867,PRECISION ELECTRICAL AND ELECTRONIC EQUIPMENT ASSEM
684,"MISCELLANEOUS PRECISION WORKERS, N.E.C.",6869,"MISCELLANEOUS PRECISION WORKERS, NOT ELSEWHERE CLAS"
686,BUTCHERS AND MEAT CUTTERS,6871,BUTCHERS AND MEAT CUTTERS
687,BAKERS,6872,BAKERS
688,FOOD BATCHMAKERS,6873,"BATCHMAKERS (CANDYMAKERS, CHEESEMAKERS, ETC.)"
688,FOOD BATCHMAKERS,6879,MISCELLANEOUS PRECISION FOOD WORKERS
689,"INSPECTORS, TESTERS, AND GRADERS",6881,"PRECISION INSPECTORS, TESTERS, AND GRADERS"
689,"INSPECTORS, TESTERS, AND GRADERS",828,TRANSPORTATION INSPECTORS
693,ADJUSTERS AND CALIBRATORS,6882,PRECISION ADJUSTERS AND CALIBRATORS
694,WATER AND SEWAGE TREATMENT PLANT OPERATORS,691,WATER AND SEWAGE TREATMENT PLANT OPERATORS
695,POWER PLANT OPERATORS,6932,"POWER PLANT AND SYSTEMS OPERATORS, EXC. STATIONARY"
696,STATIONARY ENGINEERS,6931,STATIONARY ENGINEERS
696,STATIONARY ENGINEERS,7668,BOILER OPERATORS AND TENDERS (LOW PRESSURE)
699,MISCELLANEOUS PLANT AND SYSTEM OPERATORS,692,GAS PLANT OPERATORS
699,MISCELLANEOUS PLANT AND SYSTEM OPERATORS,694,CHEMICAL PLANT OPERATORS
699,MISCELLANEOUS PLANT AND SYSTEM OPERATORS,695,PETROLEUM PLANT OPERATORS
699,MISCELLANEOUS PLANT AND SYSTEM OPERATORS,696,MISC PLANT OR SYSTEM OPERATORS
703,LATHE AND TURNING MACHINE SET-UP OPERATORS,7312,LATHE AND TURNING MACHINE SETUP OPERATORS
704,LATHE AND TURNING MACHINE OPERATORS,7512,LATHE AND TURNING MACHINE OPERATORS AND TENDERS
705,MILLING AND PLANING MACHINE OPERATORS,7313,MILLING AND PLANING MACHINE SETUP OPERATORS
705,MILLING AND PLANING MACHINE OPERATORS,7513,MILLING AND PLANING MACHINE OPERATORS AND TENDERS
706,PUNCHING AND STAMPING PRESS MACHINE OPERATORS,7314,PUNCHING AND SHEARING MACHINE SETUP OPERATORS
706,PUNCHING AND STAMPING PRESS MACHINE OPERATORS,7317,PRESS AND BRAKE MACHINE SETUP OPERATORS
706,PUNCHING AND STAMPING PRESS MACHINE OPERATORS,7514,PUNCHING AND SHEARING MACHINE OPERATORS AND TENDERS
706,PUNCHING AND STAMPING PRESS MACHINE OPERATORS,7517,PRESS AND BRAKE MACHINE OPERATORS AND TENDERS
707,ROLLING MACHINE OPERATORS,7316,ROLLING MACHINE SETUP OPERATORS
707,ROLLING MACHINE OPERATORS,7516,ROLLING MACHINE OPERATORS AND TENDERS
708,DRILLING AND BORING MACHINE OPERATORS,7318,DRILLING AND BORING MACHINE SETUP OPERATORS
708,DRILLING AND BORING MACHINE OPERATORS,7518,DRILLING AND BORING MACHINE OPERATORS AND TENDERS
709,"GRINDING, ABRADING, BUFFING, AND POLISHING MACHINE OPERATORS",7322,"GRINDING, ABRADING, BUFFING, AND POLISHING MACHINE"
709,"GRINDING, ABRADING, BUFFING, AND POLISHING MACHINE OPERATORS",7324,LAPPING AND HONING MACHINE SETUP OPERATORS
709,"GRINDING, ABRADING, BUFFING, AND POLISHING MACHINE OPERATORS",7522,"GRINDING, ABRADING, BUFFING AND POLISHING MACHINE O"
713,FORGING MACHINE OPERATORS,7319,FORGING MACHINE SETUP OPERATORS
713,FORGING MACHINE OPERATORS,7519,FORGING MACHINE OPERATORS AND TENDERS
714,NUMERICAL CONTROL MACHINE OPERATOR,7326,NUMERICAL CONTROL MACHINE SETUP OPERATORS
715,"MISCELLANEOUS METAL, PLASTIC, STONE AND GLASS WORKING MACHINE OPERA",7329,MISCELLANEOUS METALWORKING AND PLASTIC WORKING MACH
715,"MISCELLANEOUS METAL, PLASTIC, STONE AND GLASS WORKING MACHINE OPERA",7529,MISCELLANEOUS METALWORKING AND PLASTIC WORKING MACH
717,"FABRICATING MACHINE OPERATORS, N.E.C.",7339,MISCELLANEOUS FABRICATING MACHINE SETUP OPERATORS
717,"FABRICATING MACHINE OPERATORS, N.E.C.",7539,MISCELLANEOUS FABRICATING MACHINE OPERATORS AND TEN
719,MOLDING AND CASTING MACHINE OPERATORS,7315,EXTRUDING AND DRAWING MACHINE SETUP OPERATORS
719,MOLDING AND CASTING MACHINE OPERATORS,7342,MOLDING AND CASTING MACHINE SETUP OPERATORS
719,MOLDING AND CASTING MACHINE OPERATORS,7515,EXTRUDING AND DRAWING MACHINE OPERATORS AND TENDERS
719,MOLDING AND CASTING MACHINE OPERATORS,7542,MOLDING AND CASTING MACHINE OPERATORS AND TENDERS
723,METAL PLATING MACHINE OPERATORS,7343,PLATING AND COATING MACHINE SETUP OPERATORS
723,METAL PLATING MACHINE OPERATORS,7543,PLATING AND COATING MACHINE OPERATORS AND TENDERS
724,HEAT TREATING EQUIPMENT OPERATORS,7344,HEATING EQUIPMENT SETUP OPERATORS
724,HEAT TREATING EQUIPMENT OPERATORS,7544,HEATING EQUIPMENT OPERATORS AND TENDERS
725,MISCELLANEOUS METAL AND PLASTIC PROCESSING MACHINE OPERATORS,7349,MISCELLANEOUS METAL AND PLASTIC PROCESSING MACHINE
725,MISCELLANEOUS METAL AND PLASTIC PROCESSING MACHINE OPERATORS,7549,MISCELLANEOUS METAL AND PLASTIC PROCESSING MACHINE
726,"WOOD LATHE, ROUTING, AND PLANING MACHINE OPERATORS",7431,LATHE AND TURNING MACHINE SETUP OPERATORS
726,"WOOD LATHE, ROUTING, AND PLANING MACHINE OPERATORS",7432,ROUTER AND PLANER MACHINE SETUP OPERATORS
726,"WOOD LATHE, ROUTING, AND PLANING MACHINE OPERATORS",7631,LATHE AND TURNING MACHINE OPERATORS AND TENDERS
726,"WOOD LATHE, ROUTING, AND PLANING MACHINE OPERATORS",7632,ROUTER AND PLANER MACHINE OPERATORS AND TENDERS
727,SAWING MACHINE OPERATORS,7433,SAWING MACHINE SETUP OPERATORS
727,SAWING MACHINE OPERATORS,7633,SAWING MACHINE OPERATORS AND TENDERS
728,SHAPING AND JOINING MACHINE OPERATORS,7435,SHAPING AND JOINING MACHINE SETUP OPERATORS
728,SHAPING AND JOINING MACHINE OPERATORS,7635,SHAPING AND JOINING MACHINE OPERATORS AND TENDERS
729,"NAILING AND TACKING MACHINE OPERATORS",7636,"NAILING AND TACKING MACHINE OPERATORS AND TENDERS"
733,MISCELLANEOUS WOODWORKING MACHINE OPERATORS,7434,SANDING MACHINE SETUP OPERATORS
733,MISCELLANEOUS WOODWORKING MACHINE OPERATORS,7439,MISCELLANEOUS WOODWORKING MACHINE SETUP OPERATORS
733,MISCELLANEOUS WOODWORKING MACHINE OPERATORS,7634,SANDING MACHINE OPERATORS AND TENDERS
733,MISCELLANEOUS WOODWORKING MACHINE OPERATORS,7639,MISCELLANEOUS WOODWORKING MACHINE OPERATORS AND TEN
734,PRINTING MACHINE OPERATORS,7443,PRINTING PRESS SETUP OPERATORS
734,PRINTING MACHINE OPERATORS,7643,PRINTING MACHINE OPERATORS AND TENDERS
735,PHOTOENGRAVERS AND LITHOGRAPHERS,6842,PRECISION LITHOGRAPHERS AND PHOTOENGRAVERS
735,PHOTOENGRAVERS AND LITHOGRAPHERS,7444,PHOTOENGRAVING AND LITHOGRAPHING MACHINE SETUP OPER
735,PHOTOENGRAVERS AND LITHOGRAPHERS,7644,PHOTOENGRAVING AND LITHOGRAPHING MACHINE OPERATORS
736,TYPESETTERS AND COMPOSITORS,6841,PRECISION TYPESETTERS
736,TYPESETTERS AND COMPOSITORS,7642,TYPESETTING AND COMPOSING MACHINE OPERATORS AND TEN
737,MISCELLANEOUS PRINTING MACHINE OPERATORS,6849,MISC PRECISION PRINTING OCCUPATIONS
737,MISCELLANEOUS PRINTING MACHINE OPERATORS,7449,MISCELLANEOUS PRINTING MACHINE SETUP OPERATORS
737,MISCELLANEOUS PRINTING MACHINE OPERATORS,7649,"PRINTING MACHINE OPERATORS AND TENDERS, NOT ELSEWHE"
738,WINDING AND TWISTING MACHINE OPERATORS,7451,WINDING AND TWISTING MACHINE SETUP OPERATORS
738,WINDING AND TWISTING MACHINE OPERATORS,7651,WINDING AND TWISTING MACHINE OPERATORS AND TENDERS
739,"KNITTING, LOOPING, TAPING, AND WEAVING MACHINE OPERATORS",7452,KNITTING AND WEAVING MACHINE SETUP OPERATORS
739,"KNITTING, LOOPING, TAPING, AND WEAVING MACHINE OPERATORS",7652,KNITTING AND WEAVING MACHINE OPERATORS AND TENDERS
743,TEXTILE CUTTING MACHINE OPERATORS,7654,TEXTILE CUTTING MACHINE OPERATORS AND TENDERS
744,TEXTILE SEWING MACHINE OPERATORS,7655,TEXTILE SEWING MACHINE OPERATORS AND TENDERS
745,SHOE MACHINE OPERATORS,7656,SHOE MACHINE OPERATORS AND TENDERS
747,PRESSING MACHINE OPERATORS,7657,PRESSING MACHINE OPERATORS
748,LAUNDERING AND DRY CLEANING MACHINE OPERATORS,6855,"PRECISION LAUNDERING, CLEANING, AND DYEING OCCUPATI"
748,LAUNDERING AND DRY CLEANING MACHINE OPERATORS,7658,LAUNDERING AND DRY CLEANING MACHINE OPERATORS AND T
749,MISCELLANEOUS TEXTILE MACHINE OPERATORS,7459,"TEXTILE MACHINE SETUP OPERATORS, NOT ELSEWHERE CLAS"
749,MISCELLANEOUS TEXTILE MACHINE OPERATORS,7659,MISCELLANEOUS TEXTILE MACHINE OPERATORS AND TENDERS
753,CEMENTING AND GLUING MACHINE OPERATORS,7661,CEMENTING AND GLUING MACHINE OPERATORS AND TENDERS
754,PACKAGING AND FILLING MACHINE OPERATORS,7462,PACKAGING AND FILLING MACHINE SETUP OPERATORS
754,PACKAGING AND FILLING MACHINE OPERATORS,7662,PACKAGING AND FILLING MACHINE OPERATORS AND TENDERS
755,EXTRUDING AND FORMING MACHINE OPERATORS,7463,EXTRUDING AND FORMING MACHINE SETUP OPERATORS
755,EXTRUDING AND FORMING MACHINE OPERATORS,7663,EXTRUDING AND FORMING MACHINE OPERATORS AND TENDERS
756,MIXING AND BLENDING MACHINE OPERATORS,7664,MIXING AND BLENDING MACHINE OPERATORS AND TENDERS
757,"SEPARATING, FILTERING, AND CLARIFYING MACHINE OPERATORS",7476,"STILL, CLARIFYING, AND PRECIPITATING MACHINE SETUP"
757,"SEPARATING, FILTERING, AND CLARIFYING MACHINE OPERATORS",7666,SEPARATING AND FILTERING MACHINE OPERATORS AND TEND
757,"SEPARATING, FILTERING, AND CLARIFYING MACHINE OPERATORS",7676,"STILL, CLARIFIER AND PRECIPITATOR OPERATORS AND TEN"
758,COMPRESSING AND COMPACTING MACHINE OPERATORS,7467,COMPRESSING AND COMPACTING MACHINE SETUP OPERATORS
758,COMPRESSING AND COMPACTING MACHINE OPERATORS,7667,COMPRESSING AND COMPACTING MACHINE OPERATORS AND TE
759,PAINTING AND PAINT SPRAYING MACHINE OPERATORS,7669,"COATING, PAINTING, AND SPRAYING MACHINE OPERATORS A"
763,"ROASTING AND BAKING MACHINE OPERATORS, FOOD",7472,ROASTING AND BAKING MACHINE SETUP OPERATORS
763,"ROASTING AND BAKING MACHINE OPERATORS, FOOD",7672,ROASTING AND BAKING MACHINE OPERATORS AND TENDERS
764,"WASHING, CLEANING, AND PICKLING MACHINE OPERATORS",7673,"WASHING, CLEANING AND PICKLING EQUIPMENT OPERATORS"
765,FOLDING MACHINE OPERATORS,7474,FOLDING MACHINE SETUP OPERATORS
765,FOLDING MACHINE OPERATORS,7674,FOLDING MACHINE OPERATORS AND TENDERS
766,"FURNACE, KILN, AND OVEN OPERATORS, EXC. FOOD",7675,"FURNACE, KILN, AND OVEN OPERATORS AND TENDERS"
768,CRUSHING AND GRINDING MACHINE OPERATORS,7477,"CRUSHING, GRINDING AND POLISHING MACHINE SETUP OPER"
768,CRUSHING AND GRINDING MACHINE OPERATORS,7677,"CRUSHING, GRINDING AND POLISHING MACHINE OPERATORS"
769,SLICING AND CUTTING MACHINE OPERATORS,7478,SLICING AND CUTTING MACHINE SETUP OPERATORS
769,SLICING AND CUTTING MACHINE OPERATORS,7678,SLICING AND CUTTING MACHINE OPERATORS AND TENDERS
773,MOTION PICTURE PROJECTIONISTS,7479,MISCELLANEOUS MACHINE SETUP OPERATORS
774,PHOTOGRAPHIC PROCESS MACHINE OPERATORS,6863,DETAIL DESIGN PAINTERS AND DECORATORS
774,PHOTOGRAPHIC PROCESS MACHINE OPERATORS,6868,PHOTOGRAPHIC PROCESS WORKERS
774,PHOTOGRAPHIC PROCESS MACHINE OPERATORS,7671,PHOTOGRAPHIC PROCESSING MACHINE OPERATORS
777,"MISCELLANEOUS MACHINE OPERATORS, N.E.C.",7479,MISCELLANEOUS MACHINE SETUP OPERATORS
777,"MISCELLANEOUS MACHINE OPERATORS, N.E.C.",7665,COOLING AND FREEZING EQUIPMENT OPERATORS AND TENDER
777,"MISCELLANEOUS MACHINE OPERATORS, N.E.C.",7679,"MISC MACHINE OPERATORS AND TENDERS, NEC"
783,WELDERS AND CUTTERS,7332,WELDING MACHINE SETUP OPERATORS
783,WELDERS AND CUTTERS,7532,WELDING MACHINE OPERATORS AND TENDERS
783,WELDERS AND CUTTERS,7714,WELDERS AND CUTTERS
784,SOLDERERS AND BRAZERS,7333,SOLDERING AND BRAZING MACHINE SETUP OPERATORS
784,SOLDERERS AND BRAZERS,7533,SOLDERING AND BRAZING MACHINE OPERATORS AND TENDERS
784,SOLDERERS AND BRAZERS,7717,SOLDERERS AND BRAZERS
785,ASSEMBLERS,772,ASSEMBLERS
785,ASSEMBLERS,774,"FABRICATORS, NOT ELSEWHERE CLASSIFIED"
786,HAND CUTTING AND TRIMMING OCCUPATIONS,7753,HAND CUTTING AND TRIMMING OCCUPATIONS
787,"HAND MOLDING, CASTING, AND FORMING OCCUPATIONS",7754,HAND MOLDING AND CASTING OCCUPATIONS
787,"HAND MOLDING, CASTING, AND FORMING OCCUPATIONS",7755,HAND FORMING AND SHAPING OCCUPATIONS
789,"HAND PAINTING, COATING, AND DECORATING OCCUPATIONS",7756,"HAND PAINTING, COATING AND DECORATING OCCUPATIONS"
793,HAND ENGRAVING AND PRINTING OCCUPATIONS,7757,HAND ENGRAVING AND PRINTING OCCUPATIONS
794,HAND GRINDING AND POLISHING OCCUPATIONS,7758,HAND GRINDING AND POLISHING OCCUPATIONS
795,MISCELLANEOUS HAND WORKING OCCUPATIONS,7759,MISCELLANEOUS HAND WORKING OCCUPATIONS
796,"PRODUCTION INSPECTORS, CHECKERS, AND EXAMINERS",782,"PRODUCTION INSPECTORS, CHECKERS AND EXAMINERS"
796,"PRODUCTION INSPECTORS, CHECKERS, AND EXAMINERS",787,PRODUCTION EXPEDITERS
797,PRODUCTION TESTERS,783,PRODUCTION TESTERS
798,PRODUCTION SAMPLERS AND WEIGHERS,784,PRODUCTION SAMPLERS AND WEIGHERS
799,"GRADERS AND SORTERS, EXC. AGRICULTURAL",785,"GRADERS AND SORTERS, EXCEPT AGRICULTURAL"
803,"SUPERVISORS, MOTOR VEHICLE OPERATORS",8111,SUPERVISORS; MOTOR VEHICLE OPERATORS
804,"TRUCK DRIVERS, HEAVY",8212,"TRUCK DRIVERS, TRACTOR-TRAILER"
804,"TRUCK DRIVERS, HEAVY",8213,"TRUCK DRIVERS, HEAVY"
805,"TRUCK DRIVERS, LIGHT",8214,"TRUCK DRIVERS, LIGHT (INCLUDING DELIVERY AND ROUTE"
806,DRIVER-SALES WORKERS,8218,DRIVER-SALES WORKERS
808,BUS DRIVERS,8215,BUS DRIVERS
809,TAXICAB DRIVERS AND CHAUFFEURS,8216,TAXICAB DRIVERS AND CHAUFFEURS
813,PARKING LOT ATTENDANTS,874,PARKING LOT ATTENDANTS
814,"MOTOR TRANSPORTATION OCCUPATIONS, N.E.C.",8219,"OTHER MOTOR TRANSPORTATION OCCUPATIONS, NOT ELSEWHE"
823,RAILROAD CONDUCTORS AND YARDMASTER,8113,RAILROAD CONDUCTORS AND YARDMASTERS
824,LOCOMOTIVE OPERATING OCCUPATIONS,8232,LOCOMOTIVE OPERATING OCCUPATIONS
825,"RAILROAD BRAKE, SIGNAL, AND SWITCH OPERATORS",8233,"RAILROAD BRAKE, SIGNAL, AND SWITCH OPERATORS"
826,"RAIL VEHICLE OPERATORS, N.E.C.",8239,"RAIL VEHICLE OPERATORS, NOT ELSEWHERE CLASSIFIED"
828,"SHIP CAPTAINS AND MATES, EXCEPT FISHING BOATS",8241,SHIP CAPTAINS AND MATES
828,"SHIP CAPTAINS AND MATES, EXCEPT FISHING BOATS",8242,BOAT AND BARGE OPERATORS
829,SAILORS AND DECKHANDS,8243,SAILORS AND DECKHANDS
833,MARINE ENGINEERS,8244,MARINE ENGINEERS
834,"BRIDGE, LOCK, AND LIGHTHOUSE TENDERS",8245,"BRIDGE, LOCK, AND LIGHTHOUSE TENDERS"
843,"SUPERVISORS, MATERIAL MOVING EQUIPMENT OPERATORS",812,SUPERVISORS; MATERIAL MOVING EQUIPMENT OPERATORS
844,OPERATING ENGINEERS,8312,OPERATING ENGINEERS
845,LONGSHORE EQUIPMENT OPERATORS,8313,LONGSHORE EQUIPMENT OPERATORS
848,HOIST AND WINCH OPERATORS,8314,HOIST AND WINCH OPERATORS
849,CRANE AND TOWER OPERATORS,8315,CRANE AND TOWER OPERATORS
853,EXCAVATING AND LOADING MACHINE OPERATORS,8316,EXCAVATING AND LOADING MACHINE OPERATORS
855,"GRADER, DOZER, AND SCRAPER OPERATORS",8317,"GRADER, DOZER, AND SCRAPER OPERATORS"
856,INDUSTRIAL TRUCK AND TRACTOR EQUIPMENT OPERATORS,8318,INDUSTRIAL TRUCK AND TRACTOR EQUIPMENT OPERATORS
859,MISCELLANEOUS MATERIAL MOVING EQUIPMENT OPERATORS,8319,MISC MATERIAL MOVING EQUIPMENT OPERATORS
863,"SUPERVISORS, HANDLERS, EQUIPMENT CLEANERS, AND LABORERS,",85,"SUPERVISORS; HANDLERS, EQUIPMENT CLEANERS, HELPERS,"
864,"HELPERS, MECHANICS AND REPAIRERS",8632,HELPERS; VEHICLE AND MOBILE EQUIPMENT MECHANICS AND
864,"HELPERS, MECHANICS AND REPAIRERS",8633,HELPERS; INDUSTRIAL MACHINERY REPAIRERS
864,"HELPERS, MECHANICS AND REPAIRERS",8635,HELPERS; ELECTRICAL AND ELECTRONIC EQUIPMENT REPAIR
864,"HELPERS, MECHANICS AND REPAIRERS",8637,HELPERS; MISCELLANEOUS MECHANICS AND REPAIRERS
865,"HELPERS, CONSTRUCTION TRADES",8641,"HELPERS; BRICKMASONS, STONEMASONS, AND HARD TILE SE"
865,"HELPERS, CONSTRUCTION TRADES",8642,HELPERS; CARPENTERS AND RELATED WORKERS
865,"HELPERS, CONSTRUCTION TRADES",8643,HELPERS; ELECTRICIANS AND POWER TRANSMISSION INSTAL
865,"HELPERS, CONSTRUCTION TRADES",8644,"HELPERS; PAINTERS, PAPERHANGERS AND PLASTERERS"
865,"HELPERS, CONSTRUCTION TRADES",8645,"HELPERS; PLUMBERS, PIPEFITTERS AND STEAMFITTERS"
865,"HELPERS, CONSTRUCTION TRADES",8648,"HELPERS, OTHER CONSTRUCTION TRADES"
866,"HELPERS, SURVEYOR",8646,HELPERS; SURVEYOR'S
867,"HELPERS, EXTRACTIVE OCCUPATIONS",865,HELPERS; EXTRACTIVE OCCUPATIONS
869,CONSTRUCTION LABORERS,871,CONSTRUCTION LABORERS
873,PRODUCTION HELPERS,8611,HELPERS; METALWORKING AND PLASTIC WORKING MACHINE O
873,PRODUCTION HELPERS,8614,HELPERS; METAL AND PLASTIC PROCESSING MACHINE OPERA
873,PRODUCTION HELPERS,8615,HELPERS; WOODWORKING MACHINE OPERATORS AND TENDERS
873,PRODUCTION HELPERS,8616,HELPERS; PRINTING MACHINE OPERATORS AND TENDERS
873,PRODUCTION HELPERS,8617,"HELPERS; TEXTILE, APPAREL AND FURNISHINGS MACHINE O"
873,PRODUCTION HELPERS,8618,"HELPERS; MACHINE OPERATORS AND TENDERS, ASSORTED MA"
873,PRODUCTION HELPERS,8619,HELPERS; PRECISION PRODUCTION OCCUPATIONS AND SETUP
873,PRODUCTION HELPERS,862,HELPERS; FABRICATORS AND INSPECTORS
875,GARBAGE COLLECTORS,8722,GARBAGE COLLECTORS
876,STEVEDORES,8723,STEVEDORES
877,STOCK HANDLERS AND BAGGERS,8724,STOCK HANDLERS AND BAGGERS
878,MACHINE FEEDERS AND OFFBEARERS,8725,MACHINE FEEDERS AND OFFBEARERS
883,"FREIGHT, STOCK, AND MATERIAL HANDLERS, N.E.C.",8726,"FREIGHT, STOCK, AND MATERIAL MOVERS, NOT ELSEWHERE"
885,GARAGE AND SERVICE STATION RELATED OCCUPATIONS,873,GARAGE AND SERVICE STATION RELATED OCCUPATIONS
887,VEHICLE WASHERS AND EQUIPMENT CLEANERS,875,VEHICLE WASHERS AND EQUIPMENT CLEANERS
888,HAND PACKERS AND PACKAGERS,8761,HAND PACKERS AND PACKAGERS
889,"LABORERS, EXCEPT CONSTRUCTION",8769,"MANUAL OCCUPATIONS, NEC"
