soc_code,title,level
11-0000,Management Occupations,Major Group
11-1000,Top Executives,Minor Group
11-1010,Chief Executives,Broad Group
11-1011,Chief Executives,Detailed Occupation
11-1020,General and Operations Managers,Broad Group
11-1021,General and Operations Managers,Detailed Occupation
11-1030,Legislators,Broad Group
11-1031,Legislators,Detailed Occupation
11-2000,"Advertising, Marketing, Promotions, Public Relations, and Sales Managers",Minor Group
11-2010,Advertising and Promotions Managers,Broad Group
11-2011,Advertising and Promotions Managers,Detailed Occupation
11-2020,Marketing and Sales Managers,Broad Group
11-2021,Marketing Managers,Detailed Occupation
11-2022,Sales Managers,Detailed Occupation
11-2030,Public Relations and Fundraising Managers,Broad Group
11-2031,Public Relations and Fundraising Managers,Detailed Occupation
11-3000,Operations Specialties Managers,Minor Group
11-3010,Administrative Services Managers,Broad Group
11-3011,Administrative Services Managers,Detailed Occupation
11-3020,Computer and Information Systems Managers,Broad Group
11-3021,Computer and Information Systems Managers,Detailed Occupation
11-3030,Financial Managers,Broad Group
11-3031,Financial Managers,Detailed Occupation
11-3050,Industrial Production Managers,Broad Group
11-3051,Industrial Production Managers,Detailed Occupation
11-3060,Purchasing Managers,Broad Group
11-3061,Purchasing Managers,Detailed Occupation
11-3070,"Transportation, Storage, and Distribution Managers",Broad Group
11-3071,"Transportation, Storage, and Distribution Managers",Detailed Occupation
11-3110,Compensation and Benefits Managers,Broad Group
11-3111,Compensation and Benefits Managers,Detailed Occupation
11-3120,Human Resources Managers,Broad Group
11-3121,Human Resources Managers,Detailed Occupation
11-3130,Training and Development Managers,Broad Group
11-3131,Training and Development Managers,Detailed Occupation
11-9000,Other Management Occupations,Minor Group
11-9010,"Farmers, Ranchers, and Other Agricultural Managers",Broad Group
11-9013,"Farmers, Ranchers, and Other Agricultural Managers",Detailed Occupation
11-9020,Construction Managers,Broad Group
11-9021,Construction Managers,Detailed Occupation
11-9030,Education Administrators,Broad Group
11-9031,"Education Administrators, Preschool and Childcare Center/Program",Detailed Occupation
11-9032,"Education Administrators, Elementary and Secondary School",Detailed Occupation
11-9033,"Education Administrators, Postsecondary",Detailed Occupation
11-9039,"Education Administrators, All Other",Detailed Occupation
11-9040,Architectural and Engineering Managers,Broad Group
11-9041,Architectural and Engineering Managers,Detailed Occupation
11-9050,Food Service Managers,Broad Group
11-9051,Food Service Managers,Detailed Occupation
11-9060,Funeral Service Managers,Broad Group
11-9061,Funeral Service Managers,Detailed Occupation
11-9070,Gaming Managers,Broad Group
11-9071,Gaming Managers,Detailed Occupation
11-9080,Lodging Managers,Broad Group
11-9081,Lodging Managers,Detailed Occupation
11-9110,Medical and Health Services Managers,Broad Group
11-9111,Medical and Health Services Managers,Detailed Occupation
11-9120,Natural Sciences Managers,Broad Group
11-9121,Natural Sciences Managers,Detailed Occupation
11-9130,Postmasters and Mail Superintendents,Broad Group
11-9131,Postmasters and Mail Superintendents,Detailed Occupation
11-9140,"Property, Real Estate, and Community Association Managers",Broad Group
11-9141,"Property, Real Estate, and Community Association Managers",Detailed Occupation
11-9150,Social and Community Service Managers,Broad Group
11-9151,Social and Community Service Managers,Detailed Occupation
11-9160,Emergency Management Directors,Broad Group
11-9161,Emergency Management Directors,Detailed Occupation
11-9190,Miscellaneous Managers,Broad Group
11-9199,"Managers, All Other",Detailed Occupation
13-0000,Business and Financial Operations Occupations,Major Group
13-1000,Business Operations Specialists,Minor Group
13-1010,"Agents and Business Managers of Artists, Performers, and Athletes",Broad Group
13-1011,"Agents and Business Managers of Artists, Performers, and Athletes",Detailed Occupation
13-1020,Buyers and Purchasing Agents,Broad Group
13-1021,"Buyers and Purchasing Agents, Farm Products",Detailed Occupation
13-1022,"Wholesale and Retail Buyers, Except Farm Products",Detailed Occupation
13-1023,"Purchasing Agents, Except Wholesale, Retail, and Farm Products",Detailed Occupation
13-1030,"Claims Adjusters, Appraisers, Examiners, and Investigators",Broad Group
13-1031,"Claims Adjusters, Examiners, and Investigators",Detailed Occupation
13-1032,"Insurance Appraisers, Auto Damage",Detailed Occupation
13-1040,Compliance Officers,Broad Group
13-1041,Compliance Officers,Detailed Occupation
13-1050,Cost Estimators,Broad Group
13-1051,Cost Estimators,Detailed Occupation
13-1070,Human Resources Workers,Broad Group
13-1071,Human Resources Specialists,Detailed Occupation
13-1074,Farm Labor Contractors,Detailed Occupation
13-1075,Labor Relations Specialists,Detailed Occupation
13-1080,Logisticians,Broad Group
13-1081,Logisticians,Detailed Occupation
13-1110,Management Analysts,Broad Group
13-1111,Management Analysts,Detailed Occupation
13-1120,"Meeting, Convention, and Event Planners",Broad Group
13-1121,"Meeting, Convention, and Event Planners",Detailed Occupation
13-1130,Fundraisers,Broad Group
13-1131,Fundraisers,Detailed Occupation
13-1140,"Compensation, Benefits, and Job Analysis Specialists",Broad Group
13-1141,"Compensation, Benefits, and Job Analysis Specialists",Detailed Occupation
13-1150,Training and Development Specialists,Broad Group
13-1151,Training and Development Specialists,Detailed Occupation
13-1160,Market Research Analysts and Marketing Specialists,Broad Group
13-1161,Market Research Analysts and Marketing Specialists,Detailed Occupation
13-1190,Miscellaneous Business Operations Specialists,Broad Group
13-1199,"Business Operations Specialists, All Other",Detailed Occupation
13-2000,Financial Specialists,Minor Group
13-2010,Accountants and Auditors,Broad Group
13-2011,Accountants and Auditors,Detailed Occupation
13-2020,Appraisers and Assessors of Real Estate,Broad Group
13-2021,Appraisers and Assessors of Real Estate,Detailed Occupation
13-2030,Budget Analysts,Broad Group
13-2031,Budget Analysts,Detailed Occupation
13-2040,Credit Analysts,Broad Group
13-2041,Credit Analysts,Detailed Occupation
13-2050,Financial Analysts and Advisors,Broad Group
13-2051,Financial Analysts,Detailed Occupation
13-2052,Personal Financial Advisors,Detailed Occupation
13-2053,Insurance Underwriters,Detailed Occupation
13-2060,Financial Examiners,Broad Group
13-2061,Financial Examiners,Detailed Occupation
13-2070,Credit Counselors and Loan Officers,Broad Group
13-2071,Credit Counselors,Detailed Occupation
13-2072,Loan Officers,Detailed Occupation
13-2080,"Tax Examiners, Collectors and Preparers, and Revenue Agents",Broad Group
13-2081,"Tax Examiners and Collectors, and Revenue Agents",Detailed Occupation
13-2082,Tax Preparers,Detailed Occupation
13-2090,Miscellaneous Financial Specialists,Broad Group
13-2099,"Financial Specialists, All Other",Detailed Occupation
15-0000,Computer and Mathematical Occupations,Major Group
15-1100,Computer Occupations,Minor Group
15-1110,Computer and Information Research Scientists,Broad Group
15-1111,Computer and Information Research Scientists,Detailed Occupation
15-1120,Computer and Information Analysts,Broad Group
15-1121,Computer Systems Analysts,Detailed Occupation
15-1122,Information Security Analysts,Detailed Occupation
15-1130,Software Developers and Programmers,Broad Group
15-1131,Computer Programmers,Detailed Occupation
15-1132,"Software Developers, Applications",Detailed Occupation
15-1133,"Software Developers, Systems Software",Detailed Occupation
15-1134,Web Developers,Detailed Occupation
15-1140,Database and Systems Administrators and Network Architects,Broad Group
15-1141,Database Administrators,Detailed Occupation
15-1142,Network and Computer Systems Administrators,Detailed Occupation
15-1143,Computer Network Architects,Detailed Occupation
15-1150,Computer Support Specialists,Broad Group
15-1151,Computer User Support Specialists,Detailed Occupation
15-1152,Computer Network Support Specialists,Detailed Occupation
15-1190,Miscellaneous Computer Occupations,Broad Group
15-1199,"Computer Occupations, All Other",Detailed Occupation
15-2000,Mathematical Science Occupations,Minor Group
15-2010,Actuaries,Broad Group
15-2011,Actuaries,Detailed Occupation
15-2020,Mathematicians,Broad Group
15-2021,Mathematicians,Detailed Occupation
15-2030,Operations Research Analysts,Broad Group
15-2031,Operations Research Analysts,Detailed Occupation
15-2040,Statisticians,Broad Group
15-2041,Statisticians,Detailed Occupation
15-2090,Miscellaneous Mathematical Science Occupations,Broad Group
15-2091,Mathematical Technicians,Detailed Occupation
15-2099,"Mathematical Science Occupations, All Other",Detailed Occupation
17-0000,Architecture and Engineering Occupations,Major Group
17-1000,"Architects, Surveyors, and Cartographers",Minor Group
17-1010,"Architects, Except Naval",Broad Group
17-1011,"Architects, Except Landscape and Naval",Detailed Occupation
17-1012,Landscape Architects,Detailed Occupation
17-1020,"Surveyors, Cartographers, and Photogrammetrists",Broad Group
17-1021,Cartographers and Photogrammetrists,Detailed Occupation
17-1022,Surveyors,Detailed Occupation
17-2000,Engineers,Minor Group
17-2010,Aerospace Engineers,Broad Group
17-2011,Aerospace Engineers,Detailed Occupation
17-2020,Agricultural Engineers,Broad Group
17-2021,Agricultural Engineers,Detailed Occupation
17-2030,Biomedical Engineers,Broad Group
17-2031,Biomedical Engineers,Detailed Occupation
17-2040,Chemical Engineers,Broad Group
17-2041,Chemical Engineers,Detailed Occupation
17-2050,Civil Engineers,Broad Group
17-2051,Civil Engineers,Detailed Occupation
17-2060,Computer Hardware Engineers,Broad Group
17-2061,Computer Hardware Engineers,Detailed Occupation
17-2070,Electrical and Electronics Engineers,Broad Group
17-2071,Electrical Engineers,Detailed Occupation
17-2072,"Electronics Engineers, Except Computer",Detailed Occupation
17-2080,Environmental Engineers,Broad Group
17-2081,Environmental Engineers,Detailed Occupation
17-2110,"Industrial Engineers, Including Health and Safety",Broad Group
17-2111,"Health and Safety Engineers, Except Mining Safety Engineers and Inspectors",Detailed Occupation
17-2112,Industrial Engineers,Detailed Occupation
17-2120,Marine Engineers and Naval Architects,Broad Group
17-2121,Marine Engineers and Naval Architects,Detailed Occupation
17-2130,Materials Engineers,Broad Group
17-2131,Materials Engineers,Detailed Occupation
17-2140,Mechanical Engineers,Broad Group
17-2141,Mechanical Engineers,Detailed Occupation
17-2150,"Mining and Geological Engineers, Including Mining Safety Engineers",Broad Group
17-2151,"Mining and Geological Engineers, Including Mining Safety Engineers",Detailed Occupation
17-2160,Nuclear Engineers,Broad Group
17-2161,Nuclear Engineers,Detailed Occupation
17-2170,Petroleum Engineers,Broad Group
17-2171,Petroleum Engineers,Detailed Occupation
17-2190,Miscellaneous Engineers,Broad Group
17-2199,"Engineers, All Other",Detailed Occupation
17-3000,"Drafters, Engineering Technicians, and Mapping Technicians",Minor Group
17-3010,Drafters,Broad Group
17-3011,Architectural and Civil Drafters,Detailed Occupation
17-3012,Electrical and Electronics Drafters,Detailed Occupation
17-3013,Mechanical Drafters,Detailed Occupation
17-3019,"Drafters, All Other",Detailed Occupation
17-3020,"Engineering Technicians, Except Drafters",Broad Group
17-3021,Aerospace Engineering and Operations Technicians,Detailed Occupation
17-3022,Civil Engineering Technicians,Detailed Occupation
17-3023,Electrical and Electronics Engineering Technicians,Detailed Occupation
17-3024,Electro-Mechanical Technicians,Detailed Occupation
17-3025,Environmental Engineering Technicians,Detailed Occupation
17-3026,Industrial Engineering Technicians,Detailed Occupation
17-3027,Mechanical Engineering Technicians,Detailed Occupation
17-3029,"Engineering Technicians, Except Drafters, All Other",Detailed Occupation
17-3030,Surveying and Mapping Technicians,Broad Group
17-3031,Surveying and Mapping Technicians,Detailed Occupation
19-0000,"Life, Physical, and Social Science Occupations",Major Group
19-1000,Life Scientists,Minor Group
19-1010,Agricultural and Food Scientists,Broad Group
19-1011,Animal Scientists,Detailed Occupation
19-1012,Food Scientists and Technologists,Detailed Occupation
19-1013,Soil and Plant Scientists,Detailed Occupation
19-1020,Biological Scientists,Broad Group
19-1021,Biochemists and Biophysicists,Detailed Occupation
19-1022,Microbiologists,Detailed Occupation
19-1023,Zoologists and Wildlife Biologists,Detailed Occupation
19-1029,"Biological Scientists, All Other",Detailed Occupation
19-1030,Conservation Scientists and Foresters,Broad Group
19-1031,Conservation Scientists,Detailed Occupation
19-1032,Foresters,Detailed Occupation
19-1040,Medical Scientists,Broad Group
19-1041,Epidemiologists,Detailed Occupation
19-1042,"Medical Scientists, Except Epidemiologists",Detailed Occupation
19-1090,Miscellaneous Life Scientists,Broad Group
19-1099,"Life Scientists, All Other",Detailed Occupation
19-2000,Physical Scientists,Minor Group
19-2010,Astronomers and Physicists,Broad Group
19-2011,Astronomers,Detailed Occupation
19-2012,Physicists,Detailed Occupation
19-2020,Atmospheric and Space Scientists,Broad Group
19-2021,Atmospheric and Space Scientists,Detailed Occupation
19-2030,Chemists and Materials Scientists,Broad Group
19-2031,Chemists,Detailed Occupation
19-2032,Materials Scientists,Detailed Occupation
19-2040,Environmental Scientists and Geoscientists,Broad Group
19-2041,"Environmental Scientists and Specialists, Including Health",Detailed Occupation
19-2042,"Geoscientists, Except Hydrologists and Geographers",Detailed Occupation
19-2043,Hydrologists,Detailed Occupation
19-2090,Miscellaneous Physical Scientists,Broad Group
19-2099,"Physical Scientists, All Other",Detailed Occupation
19-3000,Social Scientists and Related Workers,Minor Group
19-3010,Economists,Broad Group
19-3011,Economists,Detailed Occupation
19-3020,Survey Researchers,Broad Group
19-3022,Survey Researchers,Detailed Occupation
19-3030,Psychologists,Broad Group
19-3031,"Clinical, Counseling, and School Psychologists",Detailed Occupation
19-3032,Industrial-Organizational Psychologists,Detailed Occupation
19-3039,"Psychologists, All Other",Detailed Occupation
19-3040,Sociologists,Broad Group
19-3041,Sociologists,Detailed Occupation
19-3050,Urban and Regional Planners,Broad Group
19-3051,Urban and Regional Planners,Detailed Occupation
19-3090,Miscellaneous Social Scientists and Related Workers,Broad Group
19-3091,Anthropologists and Archeologists,Detailed Occupation
19-3092,Geographers,Detailed Occupation
19-3093,Historians,Detailed Occupation
19-3094,Political Scientists,Detailed Occupation
19-3099,"Social Scientists and Related Workers, All Other",Detailed Occupation
19-4000,"Life, Physical, and Social Science Technicians",Minor Group
19-4010,Agricultural and Food Science Technicians,Broad Group
19-4011,Agricultural and Food Science Technicians,Detailed Occupation
19-4020,Biological Technicians,Broad Group
19-4021,Biological Technicians,Detailed Occupation
19-4030,Chemical Technicians,Broad Group
19-4031,Chemical Technicians,Detailed Occupation
19-4040,Geological and Petroleum Technicians,Broad Group
19-4041,Geological and Petroleum Technicians,Detailed Occupation
19-4050,Nuclear Technicians,Broad Group
19-4051,Nuclear Technicians,Detailed Occupation
19-4060,Social Science Research Assistants,Broad Group
19-4061,Social Science Research Assistants,Detailed Occupation
19-4090,"Miscellaneous Life, Physical, and Social Science Technicians",Broad Group
19-4091,"Environmental Science and Protection Technicians, Including Health",Detailed Occupation
19-4092,Forensic Science Technicians,Detailed Occupation
19-4093,Forest and Conservation Technicians,Detailed Occupation
19-4099,"Life, Physical, and Social Science Technicians, All Other",Detailed Occupation
21-0000,Community and Social Service Occupations,Major Group
21-1000,"Counselors, Social Workers, and Other Community and Social Service Specialists",Minor Group
21-1010,Counselors,Broad Group
21-1011,Substance Abuse and Behavioral Disorder Counselors,Detailed Occupation
21-1012,"Educational, Guidance, School, and Vocational Counselors",Detailed Occupation
21-1013,Marriage and Family Therapists,Detailed Occupation
21-1014,Mental Health Counselors,Detailed Occupation
21-1015,Rehabilitation Counselors,Detailed Occupation
21-1019,"Counselors, All Other",Detailed Occupation
21-1020,Social Workers,Broad Group
21-1021,"Child, Family, and School Social Workers",Detailed Occupation
21-1022,Healthcare Social Workers,Detailed Occupation
21-1023,Mental Health and Substance Abuse Social Workers,Detailed Occupation
21-1029,"Social Workers, All Other",Detailed Occupation
21-1090,Miscellaneous Community and Social Service Specialists,Broad Group
21-1091,Health Educators,Detailed Occupation
21-1092,Probation Officers and Correctional Treatment Specialists,Detailed Occupation
21-1093,Social and Human Service Assistants,Detailed Occupation
21-1094,Community Health Workers,Detailed Occupation
21-1099,"Community and Social Service Specialists, All Other",Detailed Occupation
21-2000,Religious Workers,Minor Group
21-2010,Clergy,Broad Group
21-2011,Clergy,Detailed Occupation
21-2020,"Directors, Religious Activities and Education",Broad Group
21-2021,"Directors, Religious Activities and Education",Detailed Occupation
21-2090,Miscellaneous Religious Workers,Broad Group
21-2099,"Religious Workers, All Other",Detailed Occupation
23-0000,Legal Occupations,Major Group
23-1000,"Lawyers, Judges, and Related Workers",Minor Group
23-1010,Lawyers and Judicial Law Clerks,Broad Group
23-1011,Lawyers,Detailed Occupation
23-1012,Judicial Law Clerks,Detailed Occupation
23-1020,"Judges, Magistrates, and Other Judicial Workers",Broad Group
23-1021,"Administrative Law Judges, Adjudicators, and Hearing Officers",Detailed Occupation
23-1022,"Arbitrators, Mediators, and Conciliators",Detailed Occupation
23-1023,"Judges, Magistrate Judges, and Magistrates",Detailed Occupation
23-2000,Legal Support Workers,Minor Group
23-2010,Paralegals and Legal Assistants,Broad Group
23-2011,Paralegals and Legal Assistants,Detailed Occupation
23-2090,Miscellaneous Legal Support Workers,Broad Group
23-2091,Court Reporters,Detailed Occupation
23-2093,"Title Examiners, Abstractors, and Searchers",Detailed Occupation
23-2099,"Legal Support Workers, All Other",Detailed Occupation
25-0000,"Education, Training, and Library Occupations",Major Group
25-1000,Postsecondary Teachers,Minor Group
25-1010,"Business Teachers, Postsecondary",Broad Group
25-1011,"Business Teachers, Postsecondary",Detailed Occupation
25-1020,"Math and Computer Teachers, Postsecondary",Broad Group
25-1021,"Computer Science Teachers, Postsecondary",Detailed Occupation
25-1022,"Mathematical Science Teachers, Postsecondary",Detailed Occupation
25-1030,"Engineering and Architecture Teachers, Postsecondary",Broad Group
25-1031,"Architecture Teachers, Postsecondary",Detailed Occupation
25-1032,"Engineering Teachers, Postsecondary",Detailed Occupation
25-1040,"Life Sciences Teachers, Postsecondary",Broad Group
25-1041,"Agricultural Sciences Teachers, Postsecondary",Detailed Occupation
25-1042,"Biological Science Teachers, Postsecondary",Detailed Occupation
25-1043,"Forestry and Conservation Science Teachers, Postsecondary",Detailed Occupation
25-1050,"Physical Sciences Teachers, Postsecondary",Broad Group
25-1051,"Atmospheric, Earth, Marine, and Space Sciences Teachers, Postsecondary",Detailed Occupation
25-1052,"Chemistry Teachers, Postsecondary",Detailed Occupation
25-1053,"Environmental Science Teachers, Postsecondary",Detailed Occupation
25-1054,"Physics Teachers, Postsecondary",Detailed Occupation
25-1060,"Social Sciences Teachers, Postsecondary",Broad Group
25-1061,"Anthropology and Archeology Teachers, Postsecondary",Detailed Occupation
25-1062,"Area, Ethnic, and Cultural Studies Teachers, Postsecondary",Detailed Occupation
25-1063,"Economics Teachers, Postsecondary",Detailed Occupation
25-1064,"Geography Teachers, Postsecondary",Detailed Occupation
25-1065,"Political Science Teachers, Postsecondary",Detailed Occupation
25-1066,"Psychology Teachers, Postsecondary",Detailed Occupation
25-1067,"Sociology Teachers, Postsecondary",Detailed Occupation
25-1069,"Social Sciences Teachers, Postsecondary, All Other",Detailed Occupation
25-1070,"Health Teachers, Postsecondary",Broad Group
25-1071,"Health Specialties Teachers, Postsecondary",Detailed Occupation
25-1072,"Nursing Instructors and Teachers, Postsecondary",Detailed Occupation
25-1080,"Education and Library Science Teachers, Postsecondary",Broad Group
25-1081,"Education Teachers, Postsecondary",Detailed Occupation
25-1082,"Library Science Teachers, Postsecondary",Detailed Occupation
25-1110,"Law, Criminal Justice, and Social Work Teachers, Postsecondary",Broad Group
25-1111,"Criminal Justice and Law Enforcement Teachers, Postsecondary",Detailed Occupation
25-1112,"Law Teachers, Postsecondary",Detailed Occupation
25-1113,"Social Work Teachers, Postsecondary",Detailed Occupation
25-1120,"Arts, Communications, and Humanities Teachers, Postsecondary",Broad Group
25-1121,"Art, Drama, and Music Teachers, Postsecondary",Detailed Occupation
25-1122,"Communications Teachers, Postsecondary",Detailed Occupation
25-1123,"English Language and Literature Teachers, Postsecondary",Detailed Occupation
25-1124,"Foreign Language and Literature Teachers, Postsecondary",Detailed Occupation
25-1125,"History Teachers, Postsecondary",Detailed Occupation
25-1126,"Philosophy and Religion Teachers, Postsecondary",Detailed Occupation
25-1190,Miscellaneous Postsecondary Teachers,Broad Group
25-1191,Graduate Teaching Assistants,Detailed Occupation
25-1192,"Home Economics Teachers, Postsecondary",Detailed Occupation
25-1193,"Recreation and Fitness Studies Teachers, Postsecondary",Detailed Occupation
25-1194,"Vocational Education Teachers, Postsecondary",Detailed Occupation
25-1199,"Postsecondary Teachers, All Other",Detailed Occupation
25-2000,"Preschool, Primary, Secondary, and Special Education School Teachers",Minor Group
25-2010,Preschool and Kindergarten Teachers,Broad Group
25-2011,"Preschool Teachers, Except Special Education",Detailed Occupation
25-2012,"Kindergarten Teachers, Except Special Education",Detailed Occupation
25-2020,Elementary and Middle School Teachers,Broad Group
25-2021,"Elementary School Teachers, Except Special Education",Detailed Occupation
25-2022,"Middle School Teachers, Except Special and Career/Technical Education",Detailed Occupation
25-2023,"Career/Technical Education Teachers, Middle School",Detailed Occupation
25-2030,Secondary School Teachers,Broad Group
25-2031,"Secondary School Teachers, Except Special and Career/Technical Education",Detailed Occupation
25-2032,"Career/Technical Education Teachers, Secondary School",Detailed Occupation
25-2050,Special Education Teachers,Broad Group
25-2051,"Special Education Teachers, Preschool",Detailed Occupation
25-2052,"Special Education Teachers, Kindergarten and Elementary School",Detailed Occupation
25-2053,"Special Education Teachers, Middle School",Detailed Occupation
25-2054,"Special Education Teachers, Secondary School",Detailed Occupation
25-2059,"Special Education Teachers, All Other",Detailed Occupation
25-3000,Other Teachers and Instructors,Minor Group
25-3010,Adult Basic and Secondary Education and Literacy Teachers and Instructors,Broad Group
25-3011,Adult Basic and Secondary Education and Literacy Teachers and Instructors,Detailed Occupation
25-3020,Self-Enrichment Education Teachers,Broad Group
25-3021,Self-Enrichment Education Teachers,Detailed Occupation
25-3090,Miscellaneous Teachers and Instructors,Broad Group
25-3099,"Teachers and Instructors, All Other",Detailed Occupation
25-4000,"Librarians, Curators, and Archivists",Minor Group
25-4010,"Archivists, Curators, and Museum Technicians",Broad Group
25-4011,Archivists,Detailed Occupation
25-4012,Curators,Detailed Occupation
25-4013,Museum Technicians and Conservators,Detailed Occupation
25-4020,Librarians,Broad Group
25-4021,Librarians,Detailed Occupation
25-4030,Library Technicians,Broad Group
25-4031,Library Technicians,Detailed Occupation
25-9000,"Other Education, Training, and Library Occupations",Minor Group
25-9010,Audio-Visual and Multimedia Collections Specialists,Broad Group
25-9011,Audio-Visual and Multimedia Collections Specialists,Detailed Occupation
25-9020,Farm and Home Management Advisors,Broad Group
25-9021,Farm and Home Management Advisors,Detailed Occupation
25-9030,Instructional Coordinators,Broad Group
25-9031,Instructional Coordinators,Detailed Occupation
25-9040,Teacher Assistants,Broad Group
25-9041,Teacher Assistants,Detailed Occupation
25-9090,"Miscellaneous Education, Training, and Library Workers",Broad Group
25-9099,"Education, Training, and Library Workers, All Other",Detailed Occupation
27-0000,"Arts, Design, Entertainment, Sports, and Media Occupations",Major Group
27-1000,Art and Design Workers,Minor Group
27-1010,Artists and Related Workers,Broad Group
27-1011,Art Directors,Detailed Occupation
27-1012,Craft Artists,Detailed Occupation
27-1013,"Fine Artists, Including Painters, Sculptors, and Illustrators",Detailed Occupation
27-1014,Multimedia Artists and Animators,Detailed Occupation
27-1019,"Artists and Related Workers, All Other",Detailed Occupation
27-1020,Designers,Broad Group
27-1021,Commercial and Industrial Designers,Detailed Occupation
27-1022,Fashion Designers,Detailed Occupation
27-1023,Floral Designers,Detailed Occupation
27-1024,Graphic Designers,Detailed Occupation
27-1025,Interior Designers,Detailed Occupation
27-1026,Merchandise Displayers and Window Trimmers,Detailed Occupation
27-1027,Set and Exhibit Designers,Detailed Occupation
27-1029,"Designers, All Other",Detailed Occupation
27-2000,"Entertainers and Performers, Sports and Related Workers",Minor Group
27-2010,"Actors, Producers, and Directors",Broad Group
27-2011,Actors,Detailed Occupation
27-2012,Producers and Directors,Detailed Occupation
27-2020,"Athletes, Coaches, Umpires, and Related Workers",Broad Group
27-2021,Athletes and Sports Competitors,Detailed Occupation
27-2022,Coaches and Scouts,Detailed Occupation
27-2023,"Umpires, Referees, and Other Sports Officials",Detailed Occupation
27-2030,Dancers and Choreographers,Broad Group
27-2031,Dancers,Detailed Occupation
27-2032,Choreographers,Detailed Occupation
27-2040,"Musicians, Singers, and Related Workers",Broad Group
27-2041,Music Directors and Composers,Detailed Occupation
27-2042,Musicians and Singers,Detailed Occupation
27-2090,"Miscellaneous Entertainers and Performers, Sports and Related Workers",Broad Group
27-2099,"Entertainers and Performers, Sports and Related Workers, All Other",Detailed Occupation
27-3000,Media and Communication Workers,Minor Group
27-3010,Announcers,Broad Group
27-3011,Radio and Television Announcers,Detailed Occupation
27-3012,Public Address System and Other Announcers,Detailed Occupation
27-3020,"News Analysts, Reporters and Correspondents",Broad Group
27-3021,Broadcast News Analysts,Detailed Occupation
27-3022,Reporters and Correspondents,Detailed Occupation
27-3030,Public Relations Specialists,Broad Group
27-3031,Public Relations Specialists,Detailed Occupation
27-3040,Writers and Editors,Broad Group
27-3041,Editors,Detailed Occupation
27-3042,Technical Writers,Detailed Occupation
27-3043,Writers and Authors,Detailed Occupation
27-3090,Miscellaneous Media and Communication Workers,Broad Group
27-3091,Interpreters and Translators,Detailed Occupation
27-3099,"Media and Communication Workers, All Other",Detailed Occupation
27-4000,Media and Communication Equipment Workers,Minor Group
27-4010,Broadcast and Sound Engineering Technicians and Radio Operators,Broad Group
27-4011,Audio and Video Equipment Technicians,Detailed Occupation
27-4012,Broadcast Technicians,Detailed Occupation
27-4013,Radio Operators,Detailed Occupation
27-4014,Sound Engineering Technicians,Detailed Occupation
27-4020,Photographers,Broad Group
27-4021,Photographers,Detailed Occupation
27-4030,"Television, Video, and Motion Picture Camera Operators and Editors",Broad Group
27-4031,"Camera Operators, Television, Video, and Motion Picture",Detailed Occupation
27-4032,Film and Video Editors,Detailed Occupation
27-4090,Miscellaneous Media and Communication Equipment Workers,Broad Group
27-4099,"Media and Communication Equipment Workers, All Other",Detailed Occupation
29-0000,Healthcare Practitioners and Technical Occupations,Major Group
29-1000,Health Diagnosing and Treating Practitioners,Minor Group
29-1010,Chiropractors,Broad Group
29-1011,Chiropractors,Detailed Occupation
29-1020,Dentists,Broad Group
29-1021,"Dentists, General",Detailed Occupation
29-1022,Oral and Maxillofacial Surgeons,Detailed Occupation
29-1023,Orthodontists,Detailed Occupation
29-1024,Prosthodontists,Detailed Occupation
29-1029,"Dentists, All Other Specialists",Detailed Occupation
29-1030,Dietitians and Nutritionists,Broad Group
29-1031,Dietitians and Nutritionists,Detailed Occupation
29-1040,Optometrists,Broad Group
29-1041,Optometrists,Detailed Occupation
29-1050,Pharmacists,Broad Group
29-1051,Pharmacists,Detailed Occupation
29-1060,Physicians and Surgeons,Broad Group
29-1061,Anesthesiologists,Detailed Occupation
29-1062,Family and General Practitioners,Detailed Occupation
29-1063,"Internists, General",Detailed Occupation
29-1064,Obstetricians and Gynecologists,Detailed Occupation
29-1065,"Pediatricians, General",Detailed Occupation
29-1066,Psychiatrists,Detailed Occupation
29-1067,Surgeons,Detailed Occupation
29-1069,"Physicians and Surgeons, All Other",Detailed Occupation
29-1070,Physician Assistants,Broad Group
29-1071,Physician Assistants,Detailed Occupation
29-1080,Podiatrists,Broad Group
29-1081,Podiatrists,Detailed Occupation
29-1120,Therapists,Broad Group
29-1122,Occupational Therapists,Detailed Occupation
29-1123,Physical Therapists,Detailed Occupation
29-1124,Radiation Therapists,Detailed Occupation
29-1125,Recreational Therapists,Detailed Occupation
29-1126,Respiratory Therapists,Detailed Occupation
29-1127,Speech-Language Pathologists,Detailed Occupation
29-1128,Exercise Physiologists,Detailed Occupation
29-1129,"Therapists, All Other",Detailed Occupation
29-1130,Veterinarians,Broad Group
29-1131,Veterinarians,Detailed Occupation
29-1140,Registered Nurses,Broad Group
29-1141,Registered Nurses,Detailed Occupation
29-1150,Nurse Anesthetists,Broad Group
29-1151,Nurse Anesthetists,Detailed Occupation
29-1160,Nurse Midwives,Broad Group
29-1161,Nurse Midwives,Detailed Occupation
29-1170,Nurse Practitioners,Broad Group
29-1171,Nurse Practitioners,Detailed Occupation
29-1180,Audiologists,Broad Group
29-1181,Audiologists,Detailed Occupation
29-1190,Miscellaneous Health Diagnosing and Treating Practitioners,Broad Group
29-1199,"Health Diagnosing and Treating Practitioners, All Other",Detailed Occupation
29-2000,Health Technologists and Technicians,Minor Group
29-2010,Clinical Laboratory Technologists and Technicians,Broad Group
29-2011,Medical and Clinical Laboratory Technologists,Detailed Occupation
29-2012,Medical and Clinical Laboratory Technicians,Detailed Occupation
29-2020,Dental Hygienists,Broad Group
29-2021,Dental Hygienists,Detailed Occupation
29-2030,Diagnostic Related Technologists and Technicians,Broad Group
29-2031,Cardiovascular Technologists and Technicians,Detailed Occupation
29-2032,Diagnostic Medical Sonographers,Detailed Occupation
29-2033,Nuclear Medicine Technologists,Detailed Occupation
29-2034,Radiologic Technologists,Detailed Occupation
29-2035,Magnetic Resonance Imaging Technologists,Detailed Occupation
29-2040,Emergency Medical Technicians and Paramedics,Broad Group
29-2041,Emergency Medical Technicians and Paramedics,Detailed Occupation
29-2050,Health Practitioner Support Technologists and Technicians,Broad Group
29-2051,Dietetic Technicians,Detailed Occupation
29-2052,Pharmacy Technicians,Detailed Occupation
29-2053,Psychiatric Technicians,Detailed Occupation
29-2054,Respiratory Therapy Technicians,Detailed Occupation
29-2055,Surgical Technologists,Detailed Occupation
29-2056,Veterinary Technologists and Technicians,Detailed Occupation
29-2057,Ophthalmic Medical Technicians,Detailed Occupation
29-2060,Licensed Practical and Licensed Vocational Nurses,Broad Group
29-2061,Licensed Practical and Licensed Vocational Nurses,Detailed Occupation
29-2070,Medical Records and Health Information Technicians,Broad Group
29-2071,Medical Records and Health Information Technicians,Detailed Occupation
29-2080,"Opticians, Dispensing",Broad Group
29-2081,"Opticians, Dispensing",Detailed Occupation
29-2090,Miscellaneous Health Technologists and Technicians,Broad Group
29-2091,Orthotists and Prosthetists,Detailed Occupation
29-2092,Hearing Aid Specialists,Detailed Occupation
29-2099,"Health Technologists and Technicians, All Other",Detailed Occupation
29-9000,Other Healthcare Practitioners and Technical Occupations,Minor Group
29-9010,Occupational Health and Safety Specialists and Technicians,Broad Group
29-9011,Occupational Health and Safety Specialists,Detailed Occupation
29-9012,Occupational Health and Safety Technicians,Detailed Occupation
29-9090,Miscellaneous Health Practitioners and Technical Workers,Broad Group
29-9091,Athletic Trainers,Detailed Occupation
29-9092,Genetic Counselors,Detailed Occupation
29-9099,"Healthcare Practitioners and Technical Workers, All Other",Detailed Occupation
31-0000,Healthcare Support Occupations,Major Group
31-1000,"Nursing, Psychiatric, and Home Health Aides",Minor Group
31-1010,"Nursing, Psychiatric, and Home Health Aides",Broad Group
31-1011,Home Health Aides,Detailed Occupation
31-1013,Psychiatric Aides,Detailed Occupation
31-1014,Nursing Assistants,Detailed Occupation
31-1015,Orderlies,Detailed Occupation
31-2000,Occupational Therapy and Physical Therapist Assistants and Aides,Minor Group
31-2010,Occupational Therapy Assistants and Aides,Broad Group
31-2011,Occupational Therapy Assistants,Detailed Occupation
31-2012,Occupational Therapy Aides,Detailed Occupation
31-2020,Physical Therapist Assistants and Aides,Broad Group
31-2021,Physical Therapist Assistants,Detailed Occupation
31-2022,Physical Therapist Aides,Detailed Occupation
31-9000,Other Healthcare Support Occupations,Minor Group
31-9010,Massage Therapists,Broad Group
31-9011,Massage Therapists,Detailed Occupation
31-9090,Miscellaneous Healthcare Support Occupations,Broad Group
31-9091,Dental Assistants,Detailed Occupation
31-9092,Medical Assistants,Detailed Occupation
31-9093,Medical Equipment Preparers,Detailed Occupation
31-9094,Medical Transcriptionists,Detailed Occupation
31-9095,Pharmacy Aides,Detailed Occupation
31-9096,Veterinary Assistants and Laboratory Animal Caretakers,Detailed Occupation
31-9097,Phlebotomists,Detailed Occupation
31-9099,"Healthcare Support Workers, All Other",Detailed Occupation
33-0000,Protective Service Occupations,Major Group
33-1000,Supervisors of Protective Service Workers,Minor Group
33-1010,First-Line Supervisors of Law Enforcement Workers,Broad Group
33-1011,First-Line Supervisors of Correctional Officers,Detailed Occupation
33-1012,First-Line Supervisors of Police and Detectives,Detailed Occupation
33-1020,First-Line Supervisors of Fire Fighting and Prevention Workers,Broad Group
33-1021,First-Line Supervisors of Fire Fighting and Prevention Workers,Detailed Occupation
33-1090,"Miscellaneous First-Line Supervisors, Protective Service Workers",Broad Group
33-1099,"First-Line Supervisors of Protective Service Workers, All Other",Detailed Occupation
33-2000,Fire Fighting and Prevention Workers,Minor Group
33-2010,Firefighters,Broad Group
33-2011,Firefighters,Detailed Occupation
33-2020,Fire Inspectors,Broad Group
33-2021,Fire Inspectors and Investigators,Detailed Occupation
33-2022,Forest Fire Inspectors and Prevention Specialists,Detailed Occupation
33-3000,Law Enforcement Workers,Minor Group
33-3010,"Bailiffs, Correctional Officers, and Jailers",Broad Group
33-3011,Bailiffs,Detailed Occupation
33-3012,Correctional Officers and Jailers,Detailed Occupation
33-3020,Detectives and Criminal Investigators,Broad Group
33-3021,Detectives and Criminal Investigators,Detailed Occupation
33-3030,Fish and Game Wardens,Broad Group
33-3031,Fish and Game Wardens,Detailed Occupation
33-3040,Parking Enforcement Workers,Broad Group
33-3041,Parking Enforcement Workers,Detailed Occupation
33-3050,Police Officers,Broad Group
33-3051,Police and Sheriff's Patrol Officers,Detailed Occupation
33-3052,Transit and Railroad Police,Detailed Occupation
33-9000,Other Protective Service Workers,Minor Group
33-9010,Animal Control Workers,Broad Group
33-9011,Animal Control Workers,Detailed Occupation
33-9020,Private Detectives and Investigators,Broad Group
33-9021,Private Detectives and Investigators,Detailed Occupation
33-9030,Security Guards and Gaming Surveillance Officers,Broad Group
33-9031,Gaming Surveillance Officers and Gaming Investigators,Detailed Occupation
33-9032,Security Guards,Detailed Occupation
33-9090,Miscellaneous Protective Service Workers,Broad Group
33-9091,Crossing Guards,Detailed Occupation
33-9092,"Lifeguards, Ski Patrol, and Other Recreational Protective Service Workers",Detailed Occupation
33-9093,Transportation Security Screeners,Detailed Occupation
33-9099,"Protective Service Workers, All Other",Detailed Occupation
35-0000,Food Preparation and Serving Related Occupations,Major Group
35-1000,Supervisors of Food Preparation and Serving Workers,Minor Group
35-1010,Supervisors of Food Preparation and Serving Workers,Broad Group
35-1011,Chefs and Head Cooks,Detailed Occupation
35-1012,First-Line Supervisors of Food Preparation and Serving Workers,Detailed Occupation
35-2000,Cooks and Food Preparation Workers,Minor Group
35-2010,Cooks,Broad Group
35-2011,"Cooks, Fast Food",Detailed Occupation
35-2012,"Cooks, Institution and Cafeteria",Detailed Occupation
35-2013,"Cooks, Private Household",Detailed Occupation
35-2014,"Cooks, Restaurant",Detailed Occupation
35-2015,"Cooks, Short Order",Detailed Occupation
35-2019,"Cooks, All Other",Detailed Occupation
35-2020,Food Preparation Workers,Broad Group
35-2021,Food Preparation Workers,Detailed Occupation
35-3000,Food and Beverage Serving Workers,Minor Group
35-3010,Bartenders,Broad Group
35-3011,Bartenders,Detailed Occupation
35-3020,Fast Food and Counter Workers,Broad Group
35-3021,"Combined Food Preparation and Serving Workers, Including Fast Food",Detailed Occupation
35-3022,"Counter Attendants, Cafeteria, Food Concession, and Coffee Shop",Detailed Occupation
35-3030,Waiters and Waitresses,Broad Group
35-3031,Waiters and Waitresses,Detailed Occupation
35-3040,"Food Servers, Nonrestaurant",Broad Group
35-3041,"Food Servers, Nonrestaurant",Detailed Occupation
35-9000,Other Food Preparation and Serving Related Workers,Minor Group
35-9010,Dining Room and Cafeteria Attendants and Bartender Helpers,Broad Group
35-9011,Dining Room and Cafeteria Attendants and Bartender Helpers,Detailed Occupation
35-9020,Dishwashers,Broad Group
35-9021,Dishwashers,Detailed Occupation
35-9030,"Hosts and Hostesses, Restaurant, Lounge, and Coffee Shop",Broad Group
35-9031,"Hosts and Hostesses, Restaurant, Lounge, and Coffee Shop",Detailed Occupation
35-9090,Miscellaneous Food Preparation and Serving Related Workers,Broad Group
35-9099,"Food Preparation and Serving Related Workers, All Other",Detailed Occupation
37-0000,Building and Grounds Cleaning and Maintenance Occupations,Major Group
37-1000,Supervisors of Building and Grounds Cleaning and Maintenance Workers,Minor Group
37-1010,First-Line Supervisors of Building and Grounds Cleaning and Maintenance Workers,Broad Group
37-1011,First-Line Supervisors of Housekeeping and Janitorial Workers,Detailed Occupation
37-1012,"First-Line Supervisors of Landscaping, Lawn Service, and Groundskeeping Workers",Detailed Occupation
37-2000,Building Cleaning and Pest Control Workers,Minor Group
37-2010,Building Cleaning Workers,Broad Group
37-2011,"Janitors and Cleaners, Except Maids and Housekeeping Cleaners",Detailed Occupation
37-2012,Maids and Housekeeping Cleaners,Detailed Occupation
37-2019,"Building Cleaning Workers, All Other",Detailed Occupation
37-2020,Pest Control Workers,Broad Group
37-2021,Pest Control Workers,Detailed Occupation
37-3000,Grounds Maintenance Workers,Minor Group
37-3010,Grounds Maintenance Workers,Broad Group
37-3011,Landscaping and Groundskeeping Workers,Detailed Occupation
37-3012,"Pesticide Handlers, Sprayers, and Applicators, Vegetation",Detailed Occupation
37-3013,Tree Trimmers and Pruners,Detailed Occupation
37-3019,"Grounds Maintenance Workers, All Other",Detailed Occupation
39-0000,Personal Care and Service Occupations,Major Group
39-1000,Supervisors of Personal Care and Service Workers,Minor Group
39-1010,First-Line Supervisors of Gaming Workers,Broad Group
39-1011,Gaming Supervisors,Detailed Occupation
39-1012,Slot Supervisors,Detailed Occupation
39-1020,First-Line Supervisors of Personal Service Workers,Broad Group
39-1021,First-Line Supervisors of Personal Service Workers,Detailed Occupation
39-2000,Animal Care and Service Workers,Minor Group
39-2010,Animal Trainers,Broad Group
39-2011,Animal Trainers,Detailed Occupation
39-2020,Nonfarm Animal Caretakers,Broad Group
39-2021,Nonfarm Animal Caretakers,Detailed Occupation
39-3000,Entertainment Attendants and Related Workers,Minor Group
39-3010,Gaming Services Workers,Broad Group
39-3011,Gaming Dealers,Detailed Occupation
39-3012,Gaming and Sports Book Writers and Runners,Detailed Occupation
39-3019,"Gaming Service Workers, All Other",Detailed Occupation
39-3020,Motion Picture Projectionists,Broad Group
39-3021,Motion Picture Projectionists,Detailed Occupation
39-3030,"Ushers, Lobby Attendants, and Ticket Takers",Broad Group
39-3031,"Ushers, Lobby Attendants, and Ticket Takers",Detailed Occupation
39-3090,Miscellaneous Entertainment Attendants and Related Workers,Broad Group
39-3091,Amusement and Recreation Attendants,Detailed Occupation
39-3092,Costume Attendants,Detailed Occupation
39-3093,"Locker Room, Coatroom, and Dressing Room Attendants",Detailed Occupation
39-3099,"Entertainment Attendants and Related Workers, All Other",Detailed Occupation
39-4000,Funeral Service Workers,Minor Group
39-4010,Embalmers,Broad Group
39-4011,Embalmers,Detailed Occupation
39-4020,Funeral Attendants,Broad Group
39-4021,Funeral Attendants,Detailed Occupation
39-4030,"Morticians, Undertakers, and Funeral Directors",Broad Group
39-4031,"Morticians, Undertakers, and Funeral Directors",Detailed Occupation
39-5000,Personal Appearance Workers,Minor Group
39-5010,"Barbers, Hairdressers, Hairstylists and Cosmetologists",Broad Group
39-5011,Barbers,Detailed Occupation
39-5012,"Hairdressers, Hairstylists, and Cosmetologists",Detailed Occupation
39-5090,Miscellaneous Personal Appearance Workers,Broad Group
39-5091,"Makeup Artists, Theatrical and Performance",Detailed Occupation
39-5092,Manicurists and Pedicurists,Detailed Occupation
39-5093,Shampooers,Detailed Occupation
39-5094,Skincare Specialists,Detailed Occupation
39-6000,"Baggage Porters, Bellhops, and Concierges",Minor Group
39-6010,"Baggage Porters, Bellhops, and Concierges",Broad Group
39-6011,Baggage Porters and Bellhops,Detailed Occupation
39-6012,Concierges,Detailed Occupation
39-7000,Tour and Travel Guides,Minor Group
39-7010,Tour and Travel Guides,Broad Group
39-7011,Tour Guides and Escorts,Detailed Occupation
39-7012,Travel Guides,Detailed Occupation
39-9000,Other Personal Care and Service Workers,Minor Group
39-9010,Childcare Workers,Broad Group
39-9011,Childcare Workers,Detailed Occupation
39-9020,Personal Care Aides,Broad Group
39-9021,Personal Care Aides,Detailed Occupation
39-9030,Recreation and Fitness Workers,Broad Group
39-9031,Fitness Trainers and Aerobics Instructors,Detailed Occupation
39-9032,Recreation Workers,Detailed Occupation
39-9040,Residential Advisors,Broad Group
39-9041,Residential Advisors,Detailed Occupation
39-9090,Miscellaneous Personal Care and Service Workers,Broad Group
39-9099,"Personal Care and Service Workers, All Other",Detailed Occupation
41-0000,Sales and Related Occupations,Major Group
41-1000,Supervisors of Sales Workers,Minor Group
41-1010,First-Line Supervisors of Sales Workers,Broad Group
41-1011,First-Line Supervisors of Retail Sales Workers,Detailed Occupation
41-1012,First-Line Supervisors of Non-Retail Sales Workers,Detailed Occupation
41-2000,Retail Sales Workers,Minor Group
41-2010,Cashiers,Broad Group
41-2011,Cashiers,Detailed Occupation
41-2012,Gaming Change Persons and Booth Cashiers,Detailed Occupation
41-2020,Counter and Rental Clerks and Parts Salespersons,Broad Group
41-2021,Counter and Rental Clerks,Detailed Occupation
41-2022,Parts Salespersons,Detailed Occupation
41-2030,Retail Salespersons,Broad Group
41-2031,Retail Salespersons,Detailed Occupation
41-3000,"Sales Representatives, Services",Minor Group
41-3010,Advertising Sales Agents,Broad Group
41-3011,Advertising Sales Agents,Detailed Occupation
41-3020,Insurance Sales Agents,Broad Group
41-3021,Insurance Sales Agents,Detailed Occupation
41-3030,"Securities, Commodities, and Financial Services Sales Agents",Broad Group
41-3031,"Securities, Commodities, and Financial Services Sales Agents",Detailed Occupation
41-3040,Travel Agents,Broad Group
41-3041,Travel Agents,Detailed Occupation
41-3090,"Miscellaneous Sales Representatives, Services",Broad Group
41-3099,"Sales Representatives, Services, All Other",Detailed Occupation
41-4000,"Sales Representatives, Wholesale and Manufacturing",Minor Group
41-4010,"Sales Representatives, Wholesale and Manufacturing",Broad Group
41-4011,"Sales Representatives, Wholesale and Manufacturing, Technical and Scientific Products",Detailed Occupation
41-4012,"Sales Representatives, Wholesale and Manufacturing, Except Technical and Scientific Products",Detailed Occupation
41-9000,Other Sales and Related Workers,Minor Group
41-9010,"Models, Demonstrators, and Product Promoters",Broad Group
41-9011,Demonstrators and Product Promoters,Detailed Occupation
41-9012,Models,Detailed Occupation
41-9020,Real Estate Brokers and Sales Agents,Broad Group
41-9021,Real Estate Brokers,Detailed Occupation
41-9022,Real Estate Sales Agents,Detailed Occupation
41-9030,Sales Engineers,Broad Group
41-9031,Sales Engineers,Detailed Occupation
41-9040,Telemarketers,Broad Group
41-9041,Telemarketers,Detailed Occupation
41-9090,Miscellaneous Sales and Related Workers,Broad Group
41-9091,"Door-to-Door Sales Workers, News and Street Vendors, and Related Workers",Detailed Occupation
41-9099,"Sales and Related Workers, All Other",Detailed Occupation
43-0000,Office and Administrative Support Occupations,Major Group
43-1000,Supervisors of Office and Administrative Support Workers,Minor Group
43-1010,First-Line Supervisors of Office and Administrative Support Workers,Broad Group
43-1011,First-Line Supervisors of Office and Administrative Support Workers,Detailed Occupation
43-2000,Communications Equipment Operators,Minor Group
43-2010,"Switchboard Operators, Including Answering Service",Broad Group
43-2011,"Switchboard Operators, Including Answering Service",Detailed Occupation
43-2020,Telephone Operators,Broad Group
43-2021,Telephone Operators,Detailed Occupation
43-2090,Miscellaneous Communications Equipment Operators,Broad Group
43-2099,"Communications Equipment Operators, All Other",Detailed Occupation
43-3000,Financial Clerks,Minor Group
43-3010,Bill and Account Collectors,Broad Group
43-3011,Bill and Account Collectors,Detailed Occupation
43-3020,Billing and Posting Clerks,Broad Group
43-3021,Billing and Posting Clerks,Detailed Occupation
43-3030,"Bookkeeping, Accounting, and Auditing Clerks",Broad Group
43-3031,"Bookkeeping, Accounting, and Auditing Clerks",Detailed Occupation
43-3040,Gaming Cage Workers,Broad Group
43-3041,Gaming Cage Workers,Detailed Occupation
43-3050,Payroll and Timekeeping Clerks,Broad Group
43-3051,Payroll and Timekeeping Clerks,Detailed Occupation
43-3060,Procurement Clerks,Broad Group
43-3061,Procurement Clerks,Detailed Occupation
43-3070,Tellers,Broad Group
43-3071,Tellers,Detailed Occupation
43-3090,Miscellaneous Financial Clerks,Broad Group
43-3099,"Financial Clerks, All Other",Detailed Occupation
43-4000,Information and Record Clerks,Minor Group
43-4010,Brokerage Clerks,Broad Group
43-4011,Brokerage Clerks,Detailed Occupation
43-4020,Correspondence Clerks,Broad Group
43-4021,Correspondence Clerks,Detailed Occupation
43-4030,"Court, Municipal, and License Clerks",Broad Group
43-4031,"Court, Municipal, and License Clerks",Detailed Occupation
43-4040,"Credit Authorizers, Checkers, and Clerks",Broad Group
43-4041,"Credit Authorizers, Checkers, and Clerks",Detailed Occupation
43-4050,Customer Service Representatives,Broad Group
43-4051,Customer Service Representatives,Detailed Occupation
43-4060,"Eligibility Interviewers, Government Programs",Broad Group
43-4061,"Eligibility Interviewers, Government Programs",Detailed Occupation
43-4070,File Clerks,Broad Group
43-4071,File Clerks,Detailed Occupation
43-4080,"Hotel, Motel, and Resort Desk Clerks",Broad Group
43-4081,"Hotel, Motel, and Resort Desk Clerks",Detailed Occupation
43-4110,"Interviewers, Except Eligibility and Loan",Broad Group
43-4111,"Interviewers, Except Eligibility and Loan",Detailed Occupation
43-4120,"Library Assistants, Clerical",Broad Group
43-4121,"Library Assistants, Clerical",Detailed Occupation
43-4130,Loan Interviewers and Clerks,Broad Group
43-4131,Loan Interviewers and Clerks,Detailed Occupation
43-4140,New Accounts Clerks,Broad Group
43-4141,New Accounts Clerks,Detailed Occupation
43-4150,Order Clerks,Broad Group
43-4151,Order Clerks,Detailed Occupation
43-4160,"Human Resources Assistants, Except Payroll and Timekeeping",Broad Group
43-4161,"Human Resources Assistants, Except Payroll and Timekeeping",Detailed Occupation
43-4170,Receptionists and Information Clerks,Broad Group
43-4171,Receptionists and Information Clerks,Detailed Occupation
43-4180,Reservation and Transportation Ticket Agents and Travel Clerks,Broad Group
43-4181,Reservation and Transportation Ticket Agents and Travel Clerks,Detailed Occupation
43-4190,Miscellaneous Information and Record Clerks,Broad Group
43-4199,"Information and Record Clerks, All Other",Detailed Occupation
43-5000,"Material Recording, Scheduling, Dispatching, and Distributing Workers",Minor Group
43-5010,Cargo and Freight Agents,Broad Group
43-5011,Cargo and Freight Agents,Detailed Occupation
43-5020,Couriers and Messengers,Broad Group
43-5021,Couriers and Messengers,Detailed Occupation
43-5030,Dispatchers,Broad Group
43-5031,"Police, Fire, and Ambulance Dispatchers",Detailed Occupation
43-5032,"Dispatchers, Except Police, Fire, and Ambulance",Detailed Occupation
43-5040,"Meter Readers, Utilities",Broad Group
43-5041,"Meter Readers, Utilities",Detailed Occupation
43-5050,Postal Service Workers,Broad Group
43-5051,Postal Service Clerks,Detailed Occupation
43-5052,Postal Service Mail Carriers,Detailed Occupation
43-5053,"Postal Service Mail Sorters, Processors, and Processing Machine Operators",Detailed Occupation
43-5060,"Production, Planning, and Expediting Clerks",Broad Group
43-5061,"Production, Planning, and Expediting Clerks",Detailed Occupation
43-5070,"Shipping, Receiving, and Traffic Clerks",Broad Group
43-5071,"Shipping, Receiving, and Traffic Clerks",Detailed Occupation
43-5080,Stock Clerks and Order Fillers,Broad Group
43-5081,Stock Clerks and Order Fillers,Detailed Occupation
43-5110,"Weighers, Measurers, Checkers, and Samplers, Recordkeeping",Broad Group
43-5111,"Weighers, Measurers, Checkers, and Samplers, Recordkeeping",Detailed Occupation
43-6000,Secretaries and Administrative Assistants,Minor Group
43-6010,Secretaries and Administrative Assistants,Broad Group
43-6011,Executive Secretaries and Executive Administrative Assistants,Detailed Occupation
43-6012,Legal Secretaries,Detailed Occupation
43-6013,Medical Secretaries,Detailed Occupation
43-6014,"Secretaries and Administrative Assistants, Except Legal, Medical, and Executive",Detailed Occupation
43-9000,Other Office and Administrative Support Workers,Minor Group
43-9010,Computer Operators,Broad Group
43-9011,Computer Operators,Detailed Occupation
43-9020,Data Entry and Information Processing Workers,Broad Group
43-9021,Data Entry Keyers,Detailed Occupation
43-9022,Word Processors and Typists,Detailed Occupation
43-9030,Desktop Publishers,Broad Group
43-9031,Desktop Publishers,Detailed Occupation
43-9040,Insurance Claims and Policy Processing Clerks,Broad Group
43-9041,Insurance Claims and Policy Processing Clerks,Detailed Occupation
43-9050,"Mail Clerks and Mail Machine Operators, Except Postal Service",Broad Group
43-9051,"Mail Clerks and Mail Machine Operators, Except Postal Service",Detailed Occupation
43-9060,"Office Clerks, General",Broad Group
43-9061,"Office Clerks, General",Detailed Occupation
43-9070,"Office Machine Operators, Except Computer",Broad Group
43-9071,"Office Machine Operators, Except Computer",Detailed Occupation
43-9080,Proofreaders and Copy Markers,Broad Group
43-9081,Proofreaders and Copy Markers,Detailed Occupation
43-9110,Statistical Assistants,Broad Group
43-9111,Statistical Assistants,Detailed Occupation
43-9190,Miscellaneous Office and Administrative Support Workers,Broad Group
43-9199,"Office and Administrative Support Workers, All Other",Detailed Occupation
45-0000,"Farming, Fishing, and Forestry Occupations",Major Group
45-1000,"Supervisors of Farming, Fishing, and Forestry Workers",Minor Group
45-1010,"First-Line Supervisors of Farming, Fishing, and Forestry Workers",Broad Group
45-1011,"First-Line Supervisors of Farming, Fishing, and Forestry Workers",Detailed Occupation
45-2000,Agricultural Workers,Minor Group
45-2010,Agricultural Inspectors,Broad Group
45-2011,Agricultural Inspectors,Detailed Occupation
45-2020,Animal Breeders,Broad Group
45-2021,Animal Breeders,Detailed Occupation
45-2040,"Graders and Sorters, Agricultural Products",Broad Group
45-2041,"Graders and Sorters, Agricultural Products",Detailed Occupation
45-2090,Miscellaneous Agricultural Workers,Broad Group
45-2091,Agricultural Equipment Operators,Detailed Occupation
45-2092,"Farmworkers and Laborers, Crop, Nursery, and Greenhouse",Detailed Occupation
45-2093,"Farmworkers, Farm, Ranch, and Aquacultural Animals",Detailed Occupation
45-2099,"Agricultural Workers, All Other",Detailed Occupation
45-3000,Fishing and Hunting Workers,Minor Group
45-3010,Fishers and Related Fishing Workers,Broad Group
45-3011,Fishers and Related Fishing Workers,Detailed Occupation
45-3020,Hunters and Trappers,Broad Group
45-3021,Hunters and Trappers,Detailed Occupation
45-4000,"Forest, Conservation, and Logging Workers",Minor Group
45-4010,Forest and Conservation Workers,Broad Group
45-4011,Forest and Conservation Workers,Detailed Occupation
45-4020,Logging Workers,Broad Group
45-4021,Fallers,Detailed Occupation
45-4022,Logging Equipment Operators,Detailed Occupation
45-4023,Log Graders and Scalers,Detailed Occupation
45-4029,"Logging Workers, All Other",Detailed Occupation
47-0000,Construction and Extraction Occupations,Major Group
47-1000,Supervisors of Construction and Extraction Workers,Minor Group
47-1010,First-Line Supervisors of Construction Trades and Extraction Workers,Broad Group
47-1011,First-Line Supervisors of Construction Trades and Extraction Workers,Detailed Occupation
47-2000,Construction Trades Workers,Minor Group
47-2010,Boilermakers,Broad Group
47-2011,Boilermakers,Detailed Occupation
47-2020,"Brickmasons, Blockmasons, and Stonemasons",Broad Group
47-2021,Brickmasons and Blockmasons,Detailed Occupation
47-2022,Stonemasons,Detailed Occupation
47-2030,Carpenters,Broad Group
47-2031,Carpenters,Detailed Occupation
47-2040,"Carpet, Floor, and Tile Installers and Finishers",Broad Group
47-2041,Carpet Installers,Detailed Occupation
47-2042,"Floor Layers, Except Carpet, Wood, and Hard Tiles",Detailed Occupation
47-2043,Floor Sanders and Finishers,Detailed Occupation
47-2044,Tile and Marble Setters,Detailed Occupation
47-2050,"Cement Masons, Concrete Finishers, and Terrazzo Workers",Broad Group
47-2051,Cement Masons and Concrete Finishers,Detailed Occupation
47-2053,Terrazzo Workers and Finishers,Detailed Occupation
47-2060,Construction Laborers,Broad Group
47-2061,Construction Laborers,Detailed Occupation
47-2070,Construction Equipment Operators,Broad Group
47-2071,"Paving, Surfacing, and Tamping Equipment Operators",Detailed Occupation
47-2072,Pile-Driver Operators,Detailed Occupation
47-2073,Operating Engineers and Other Construction Equipment Operators,Detailed Occupation
47-2080,"Drywall Installers, Ceiling Tile Installers, and Tapers",Broad Group
47-2081,Drywall and Ceiling Tile Installers,Detailed Occupation
47-2082,Tapers,Detailed Occupation
47-2110,Electricians,Broad Group
47-2111,Electricians,Detailed Occupation
47-2120,Glaziers,Broad Group
47-2121,Glaziers,Detailed Occupation
47-2130,Insulation Workers,Broad Group
47-2131,"Insulation Workers, Floor, Ceiling, and Wall",Detailed Occupation
47-2132,"Insulation Workers, Mechanical",Detailed Occupation
47-2140,Painters and Paperhangers,Broad Group
47-2141,"Painters, Construction and Maintenance",Detailed Occupation
47-2142,Paperhangers,Detailed Occupation
47-2150,"Pipelayers, Plumbers, Pipefitters, and Steamfitters",Broad Group
47-2151,Pipelayers,Detailed Occupation
47-2152,"Plumbers, Pipefitters, and Steamfitters",Detailed Occupation
47-2160,Plasterers and Stucco Masons,Broad Group
47-2161,Plasterers and Stucco Masons,Detailed Occupation
47-2170,Reinforcing Iron and Rebar Workers,Broad Group
47-2171,Reinforcing Iron and Rebar Workers,Detailed Occupation
47-2180,Roofers,Broad Group
47-2181,Roofers,Detailed Occupation
47-2210,Sheet Metal Workers,Broad Group
47-2211,Sheet Metal Workers,Detailed Occupation
47-2220,Structural Iron and Steel Workers,Broad Group
47-2221,Structural Iron and Steel Workers,Detailed Occupation
47-2230,Solar Photovoltaic Installers,Broad Group
47-2231,Solar Photovoltaic Installers,Detailed Occupation
47-3000,"Helpers, Construction Trades",Minor Group
47-3010,"Helpers, Construction Trades",Broad Group
47-3011,"Helpers--Brickmasons, Blockmasons, Stonemasons, and Tile and Marble Setters",Detailed Occupation
47-3012,Helpers--Carpenters,Detailed Occupation
47-3013,Helpers--Electricians,Detailed Occupation
47-3014,"Helpers--Painters, Paperhangers, Plasterers, and Stucco Masons",Detailed Occupation
47-3015,"Helpers--Pipelayers, Plumbers, Pipefitters, and Steamfitters",Detailed Occupation
47-3016,Helpers--Roofers,Detailed Occupation
47-3019,"Helpers, Construction Trades, All Other",Detailed Occupation
47-4000,Other Construction and Related Workers,Minor Group
47-4010,Construction and Building Inspectors,Broad Group
47-4011,Construction and Building Inspectors,Detailed Occupation
47-4020,Elevator Installers and Repairers,Broad Group
47-4021,Elevator Installers and Repairers,Detailed Occupation
47-4030,Fence Erectors,Broad Group
47-4031,Fence Erectors,Detailed Occupation
47-4040,Hazardous Materials Removal Workers,Broad Group
47-4041,Hazardous Materials Removal Workers,Detailed Occupation
47-4050,Highway Maintenance Workers,Broad Group
47-4051,Highway Maintenance Workers,Detailed Occupation
47-4060,Rail-Track Laying and Maintenance Equipment Operators,Broad Group
47-4061,Rail-Track Laying and Maintenance Equipment Operators,Detailed Occupation
47-4070,Septic Tank Servicers and Sewer Pipe Cleaners,Broad Group
47-4071,Septic Tank Servicers and Sewer Pipe Cleaners,Detailed Occupation
47-4090,Miscellaneous Construction and Related Workers,Broad Group
47-4091,Segmental Pavers,Detailed Occupation
47-4099,"Construction and Related Workers, All Other",Detailed Occupation
47-5000,Extraction Workers,Minor Group
47-5010,"Derrick, Rotary Drill, and Service Unit Operators, Oil, Gas, and Mining",Broad Group
47-5011,"Derrick Operators, Oil and Gas",Detailed Occupation
47-5012,"Rotary Drill Operators, Oil and Gas",Detailed Occupation
47-5013,"Service Unit Operators, Oil, Gas, and Mining",Detailed Occupation
47-5020,"Earth Drillers, Except Oil and Gas",Broad Group
47-5021,"Earth Drillers, Except Oil and Gas",Detailed Occupation
47-5030,"Explosives Workers, Ordnance Handling Experts, and Blasters",Broad Group
47-5031,"Explosives Workers, Ordnance Handling Experts, and Blasters",Detailed Occupation
47-5040,Mining Machine Operators,Broad Group
47-5041,Continuous Mining Machine Operators,Detailed Occupation
47-5042,Mine Cutting and Channeling Machine Operators,Detailed Occupation
47-5049,"Mining Machine Operators, All Other",Detailed Occupation
47-5050,"Rock Splitters, Quarry",Broad Group
47-5051,"Rock Splitters, Quarry",Detailed Occupation
47-5060,"Roof Bolters, Mining",Broad Group
47-5061,"Roof Bolters, Mining",Detailed Occupation
47-5070,"Roustabouts, Oil and Gas",Broad Group
47-5071,"Roustabouts, Oil and Gas",Detailed Occupation
47-5080,Helpers--Extraction Workers,Broad Group
47-5081,Helpers--Extraction Workers,Detailed Occupation
47-5090,Miscellaneous Extraction Workers,Broad Group
47-5099,"Extraction Workers, All Other",Detailed Occupation
49-0000,"Installation, Maintenance, and Repair Occupations",Major Group
49-1000,"Supervisors of Installation, Maintenance, and Repair Workers",Minor Group
49-1010,"First-Line Supervisors of Mechanics, Installers, and Repairers",Broad Group
49-1011,"First-Line Supervisors of Mechanics, Installers, and Repairers",Detailed Occupation
49-2000,"Electrical and Electronic Equipment Mechanics, Installers, and Repairers",Minor Group
49-2010,"Computer, Automated Teller, and Office Machine Repairers",Broad Group
49-2011,"Computer, Automated Teller, and Office Machine Repairers",Detailed Occupation
49-2020,Radio and Telecommunications Equipment Installers and Repairers,Broad Group
49-2021,"Radio, Cellular, and Tower Equipment Installers and Repairs",Detailed Occupation
49-2022,"Telecommunications Equipment Installers and Repairers, Except Line Installers",Detailed Occupation
49-2090,"Miscellaneous Electrical and Electronic Equipment Mechanics, Installers, and Repairers",Broad Group
49-2091,Avionics Technicians,Detailed Occupation
49-2092,"Electric Motor, Power Tool, and Related Repairers",Detailed Occupation
49-2093,"Electrical and Electronics Installers and Repairers, Transportation Equipment",Detailed Occupation
49-2094,"Electrical and Electronics Repairers, Commercial and Industrial Equipment",Detailed Occupation
49-2095,"Electrical and Electronics Repairers, Powerhouse, Substation, and Relay",Detailed Occupation
49-2096,"Electronic Equipment Installers and Repairers, Motor Vehicles",Detailed Occupation
49-2097,Electronic Home Entertainment Equipment Installers and Repairers,Detailed Occupation
49-2098,Security and Fire Alarm Systems Installers,Detailed Occupation
49-3000,"Vehicle and Mobile Equipment Mechanics, Installers, and Repairers",Minor Group
49-3010,Aircraft Mechanics and Service Technicians,Broad Group
49-3011,Aircraft Mechanics and Service Technicians,Detailed Occupation
49-3020,Automotive Technicians and Repairers,Broad Group
49-3021,Automotive Body and Related Repairers,Detailed Occupation
49-3022,Automotive Glass Installers and Repairers,Detailed Occupation
49-3023,Automotive Service Technicians and Mechanics,Detailed Occupation
49-3030,Bus and Truck Mechanics and Diesel Engine Specialists,Broad Group
49-3031,Bus and Truck Mechanics and Diesel Engine Specialists,Detailed Occupation
49-3040,Heavy Vehicle and Mobile Equipment Service Technicians and Mechanics,Broad Group
49-3041,Farm Equipment Mechanics and Service Technicians,Detailed Occupation
49-3042,"Mobile Heavy Equipment Mechanics, Except Engines",Detailed Occupation
49-3043,Rail Car Repairers,Detailed Occupation
49-3050,Small Engine Mechanics,Broad Group
49-3051,Motorboat Mechanics and Service Technicians,Detailed Occupation
49-3052,Motorcycle Mechanics,Detailed Occupation
49-3053,Outdoor Power Equipment and Other Small Engine Mechanics,Detailed Occupation
49-3090,"Miscellaneous Vehicle and Mobile Equipment Mechanics, Installers, and Repairers",Broad Group
49-3091,Bicycle Repairers,Detailed Occupation
49-3092,Recreational Vehicle Service Technicians,Detailed Occupation
49-3093,Tire Repairers and Changers,Detailed Occupation
49-9000,"Other Installation, Maintenance, and Repair Occupations",Minor Group
49-9010,Control and Valve Installers and Repairers,Broad Group
49-9011,Mechanical Door Repairers,Detailed Occupation
49-9012,"Control and Valve Installers and Repairers, Except Mechanical Door",Detailed Occupation
49-9020,"Heating, Air Conditioning, and Refrigeration Mechanics and Installers",Broad Group
49-9021,"Heating, Air Conditioning, and Refrigeration Mechanics and Installers",Detailed Occupation
49-9030,Home Appliance Repairers,Broad Group
49-9031,Home Appliance Repairers,Detailed Occupation
49-9040,"Industrial Machinery Installation, Repair, and Maintenance Workers",Broad Group
49-9041,Industrial Machinery Mechanics,Detailed Occupation
49-9043,"Maintenance Workers, Machinery",Detailed Occupation
49-9044,Millwrights,Detailed Occupation
49-9045,"Refractory Materials Repairers, Except Brickmasons",Detailed Occupation
49-9050,Line Installers and Repairers,Broad Group
49-9051,Electrical Power-Line Installers and Repairers,Detailed Occupation
49-9052,Telecommunications Line Installers and Repairers,Detailed Occupation
49-9060,Precision Instrument and Equipment Repairers,Broad Group
49-9061,Camera and Photographic Equipment Repairers,Detailed Occupation
49-9062,Medical Equipment Repairers,Detailed Occupation
49-9063,Musical Instrument Repairers and Tuners,Detailed Occupation
49-9064,Watch Repairers,Detailed Occupation
49-9069,"Precision Instrument and Equipment Repairers, All Other",Detailed Occupation
49-9070,"Maintenance and Repair Workers, General",Broad Group
49-9071,"Maintenance and Repair Workers, General",Detailed Occupation
49-9080,Wind Turbine Service Technicians,Broad Group
49-9081,Wind Turbine Service Technicians,Detailed Occupation
49-9090,"Miscellaneous Installation, Maintenance, and Repair Workers",Broad Group
49-9091,"Coin, Vending, and Amusement Machine Servicers and Repairers",Detailed Occupation
49-9092,Commercial Divers,Detailed Occupation
49-9093,"Fabric Menders, Except Garment",Detailed Occupation
49-9094,Locksmiths and Safe Repairers,Detailed Occupation
49-9095,Manufactured Building and Mobile Home Installers,Detailed Occupation
49-9096,Riggers,Detailed Occupation
49-9097,Signal and Track Switch Repairers,Detailed Occupation
49-9098,"Helpers--Installation, Maintenance, and Repair Workers",Detailed Occupation
49-9099,"Installation, Maintenance, and Repair Workers, All Other",Detailed Occupation
51-0000,Production Occupations,Major Group
51-1000,Supervisors of Production Workers,Minor Group
51-1010,First-Line Supervisors of Production and Operating Workers,Broad Group
51-1011,First-Line Supervisors of Production and Operating Workers,Detailed Occupation
51-2000,Assemblers and Fabricators,Minor Group
51-2010,"Aircraft Structure, Surfaces, Rigging, and Systems Assemblers",Broad Group
51-2011,"Aircraft Structure, Surfaces, Rigging, and Systems Assemblers",Detailed Occupation
51-2020,"Electrical, Electronics, and Electromechanical Assemblers",Broad Group
51-2021,"Coil Winders, Tapers, and Finishers",Detailed Occupation
51-2022,Electrical and Electronic Equipment Assemblers,Detailed Occupation
51-2023,Electromechanical Equipment Assemblers,Detailed Occupation
51-2030,Engine and Other Machine Assemblers,Broad Group
51-2031,Engine and Other Machine Assemblers,Detailed Occupation
51-2040,Structural Metal Fabricators and Fitters,Broad Group
51-2041,Structural Metal Fabricators and Fitters,Detailed Occupation
51-2090,Miscellaneous Assemblers and Fabricators,Broad Group
51-2091,Fiberglass Laminators and Fabricators,Detailed Occupation
51-2092,Team Assemblers,Detailed Occupation
51-2093,Timing Device Assemblers and Adjusters,Detailed Occupation
51-2099,"Assemblers and Fabricators, All Other",Detailed Occupation
51-3000,Food Processing Workers,Minor Group
51-3010,Bakers,Broad Group
51-3011,Bakers,Detailed Occupation
51-3020,"Butchers and Other Meat, Poultry, and Fish Processing Workers",Broad Group
51-3021,Butchers and Meat Cutters,Detailed Occupation
51-3022,"Meat, Poultry, and Fish Cutters and Trimmers",Detailed Occupation
51-3023,Slaughterers and Meat Packers,Detailed Occupation
51-3090,Miscellaneous Food Processing Workers,Broad Group
51-3091,"Food and Tobacco Roasting, Baking, and Drying Machine Operators and Tenders",Detailed Occupation
51-3092,Food Batchmakers,Detailed Occupation
51-3093,Food Cooking Machine Operators and Tenders,Detailed Occupation
51-3099,"Food Processing Workers, All Other",Detailed Occupation
51-4000,Metal Workers and Plastic Workers,Minor Group
51-4010,Computer Control Programmers and Operators,Broad Group
51-4011,"Computer-Controlled Machine Tool Operators, Metal and Plastic",Detailed Occupation
51-4012,"Computer Numerically Controlled Machine Tool Programmers, Metal and Plastic",Detailed Occupation
51-4020,"Forming Machine Setters, Operators, and Tenders, Metal and Plastic",Broad Group
51-4021,"Extruding and Drawing Machine Setters, Operators, and Tenders, Metal and Plastic",Detailed Occupation
51-4022,"Forging Machine Setters, Operators, and Tenders, Metal and Plastic",Detailed Occupation
51-4023,"Rolling Machine Setters, Operators, and Tenders, Metal and Plastic",Detailed Occupation
51-4030,"Machine Tool Cutting Setters, Operators, and Tenders, Metal and Plastic",Broad Group
51-4031,"Cutting, Punching, and Press Machine Setters, Operators, and Tenders, Metal and Plastic",Detailed Occupation
51-4032,"Drilling and Boring Machine Tool Setters, Operators, and Tenders, Metal and Plastic",Detailed Occupation
51-4033,"Grinding, Lapping, Polishing, and Buffing Machine Tool Setters, Operators, and Tenders, Metal and Plastic",Detailed Occupation
51-4034,"Lathe and Turning Machine Tool Setters, Operators, and Tenders, Metal and Plastic",Detailed Occupation
51-4035,"Milling and Planing Machine Setters, Operators, and Tenders, Metal and Plastic",Detailed Occupation
51-4040,Machinists,Broad Group
51-4041,Machinists,Detailed Occupation
51-4050,"Metal Furnace Operators, Tenders, Pourers, and Casters",Broad Group
51-4051,Metal-Refining Furnace Operators and Tenders,Detailed Occupation
51-4052,"Pourers and Casters, Metal",Detailed Occupation
51-4060,"Model Makers and Patternmakers, Metal and Plastic",Broad Group
51-4061,"Model Makers, Metal and Plastic",Detailed Occupation
51-4062,"Patternmakers, Metal and Plastic",Detailed Occupation
51-4070,"Molders and Molding Machine Setters, Operators, and Tenders, Metal and Plastic",Broad Group
51-4071,Foundry Mold and Coremakers,Detailed Occupation
51-4072,"Molding, Coremaking, and Casting Machine Setters, Operators, and Tenders, Metal and Plastic",Detailed Occupation
51-4080,"Multiple Machine Tool Setters, Operators, and Tenders, Metal and Plastic",Broad Group
51-4081,"Multiple Machine Tool Setters, Operators, and Tenders, Metal and Plastic",Detailed Occupation
51-4110,Tool and Die Makers,Broad Group
51-4111,Tool and Die Makers,Detailed Occupation
51-4120,"Welding, Soldering, and Brazing Workers",Broad Group
51-4121,"Welders, Cutters, Solderers, and Brazers",Detailed Occupation
51-4122,"Welding, Soldering, and Brazing Machine Setters, Operators, and Tenders",Detailed Occupation
51-4190,Miscellaneous Metal Workers and Plastic Workers,Broad Group
51-4191,"Heat Treating Equipment Setters, Operators, and Tenders, Metal and Plastic",Detailed Occupation
51-4192,"Layout Workers, Metal and Plastic",Detailed Occupation
51-4193,"Plating and Coating Machine Setters, Operators, and Tenders, Metal and Plastic",Detailed Occupation
51-4194,"Tool Grinders, Filers, and Sharpeners",Detailed Occupation
51-4199,"Metal Workers and Plastic Workers, All Other",Detailed Occupation
51-5100,Printing Workers,Minor Group
51-5110,Printing Workers,Broad Group
51-5111,Prepress Technicians and Workers,Detailed Occupation
51-5112,Printing Press Operators,Detailed Occupation
51-5113,Print Binding and Finishing Workers,Detailed Occupation
51-6000,"Textile, Apparel, and Furnishings Workers",Minor Group
51-6010,Laundry and Dry-Cleaning Workers,Broad Group
51-6011,Laundry and Dry-Cleaning Workers,Detailed Occupation
51-6020,"Pressers, Textile, Garment, and Related Materials",Broad Group
51-6021,"Pressers, Textile, Garment, and Related Materials",Detailed Occupation
51-6030,Sewing Machine Operators,Broad Group
51-6031,Sewing Machine Operators,Detailed Occupation
51-6040,Shoe and Leather Workers,Broad Group
51-6041,Shoe and Leather Workers and Repairers,Detailed Occupation
51-6042,Shoe Machine Operators and Tenders,Detailed Occupation
51-6050,"Tailors, Dressmakers, and Sewers",Broad Group
51-6051,"Sewers, Hand",Detailed Occupation
51-6052,"Tailors, Dressmakers, and Custom Sewers",Detailed Occupation
51-6060,"Textile Machine Setters, Operators, and Tenders",Broad Group
51-6061,Textile Bleaching and Dyeing Machine Operators and Tenders,Detailed Occupation
51-6062,"Textile Cutting Machine Setters, Operators, and Tenders",Detailed Occupation
51-6063,"Textile Knitting and Weaving Machine Setters, Operators, and Tenders",Detailed Occupation
51-6064,"Textile Winding, Twisting, and Drawing Out Machine Setters, Operators, and Tenders",Detailed Occupation
51-6090,"Miscellaneous Textile, Apparel, and Furnishings Workers",Broad Group
51-6091,"Extruding and Forming Machine Setters, Operators, and Tenders, Synthetic and Glass Fibers",Detailed Occupation
51-6092,Fabric and Apparel Patternmakers,Detailed Occupation
51-6093,Upholsterers,Detailed Occupation
51-6099,"Textile, Apparel, and Furnishings Workers, All Other",Detailed Occupation
51-7000,Woodworkers,Minor Group
51-7010,Cabinetmakers and Bench Carpenters,Broad Group
51-7011,Cabinetmakers and Bench Carpenters,Detailed Occupation
51-7020,Furniture Finishers,Broad Group
51-7021,Furniture Finishers,Detailed Occupation
51-7030,"Model Makers and Patternmakers, Wood",Broad Group
51-7031,"Model Makers, Wood",Detailed Occupation
51-7032,"Patternmakers, Wood",Detailed Occupation
51-7040,"Woodworking Machine Setters, Operators, and Tenders",Broad Group
51-7041,"Sawing Machine Setters, Operators, and Tenders, Wood",Detailed Occupation
51-7042,"Woodworking Machine Setters, Operators, and Tenders, Except Sawing",Detailed Occupation
51-7090,Miscellaneous Woodworkers,Broad Group
51-7099,"Woodworkers, All Other",Detailed Occupation
51-8000,Plant and System Operators,Minor Group
51-8010,"Power Plant Operators, Distributors, and Dispatchers",Broad Group
51-8011,Nuclear Power Reactor Operators,Detailed Occupation
51-8012,Power Distributors and Dispatchers,Detailed Occupation
51-8013,Power Plant Operators,Detailed Occupation
51-8020,Stationary Engineers and Boiler Operators,Broad Group
51-8021,Stationary Engineers and Boiler Operators,Detailed Occupation
51-8030,Water and Wastewater Treatment Plant and System Operators,Broad Group
51-8031,Water and Wastewater Treatment Plant and System Operators,Detailed Occupation
51-8090,Miscellaneous Plant and System Operators,Broad Group
51-8091,Chemical Plant and System Operators,Detailed Occupation
51-8092,Gas Plant Operators,Detailed Occupation
51-8093,"Petroleum Pump System Operators, Refinery Operators, and Gaugers",Detailed Occupation
51-8099,"Plant and System Operators, All Other",Detailed Occupation
51-9000,Other Production Occupations,Minor Group
51-9010,"Chemical Processing Machine Setters, Operators, and Tenders",Broad Group
51-9011,Chemical Equipment Operators and Tenders,Detailed Occupation
51-9012,"Separating, Filtering, Clarifying, Precipitating, and Still Machine Setters, Operators, and Tenders",Detailed Occupation
51-9020,"Crushing, Grinding, Polishing, Mixing, and Blending Workers",Broad Group
51-9021,"Crushing, Grinding, and Polishing Machine Setters, Operators, and Tenders",Detailed Occupation
51-9022,"Grinding and Polishing Workers, Hand",Detailed Occupation
51-9023,"Mixing and Blending Machine Setters, Operators, and Tenders",Detailed Occupation
51-9030,Cutting Workers,Broad Group
51-9031,"Cutters and Trimmers, Hand",Detailed Occupation
51-9032,"Cutting and Slicing Machine Setters, Operators, and Tenders",Detailed Occupation
51-9040,"Extruding, Forming, Pressing, and Compacting Machine Setters, Operators, and Tenders",Broad Group
51-9041,"Extruding, Forming, Pressing, and Compacting Machine Setters, Operators, and Tenders",Detailed Occupation
51-9050,"Furnace, Kiln, Oven, Drier, and Kettle Operators and Tenders",Broad Group
51-9051,"Furnace, Kiln, Oven, Drier, and Kettle Operators and Tenders",Detailed Occupation
51-9060,"Inspectors, Testers, Sorters, Samplers, and Weighers",Broad Group
51-9061,"Inspectors, Testers, Sorters, Samplers, and Weighers",Detailed Occupation
51-9070,Jewelers and Precious Stone and Metal Workers,Broad Group
51-9071,Jewelers and Precious Stone and Metal Workers,Detailed Occupation
51-9080,"Medical, Dental, and Ophthalmic Laboratory Technicians",Broad Group
51-9081,Dental Laboratory Technicians,Detailed Occupation
51-9082,Medical Appliance Technicians,Detailed Occupation
51-9083,Ophthalmic Laboratory Technicians,Detailed Occupation
51-9110,Packaging and Filling Machine Operators and Tenders,Broad Group
51-9111,Packaging and Filling Machine Operators and Tenders,Detailed Occupation
51-9120,Painting Workers,Broad Group
51-9121,"Coating, Painting, and Spraying Machine Setters, Operators, and Tenders",Detailed Occupation
51-9122,"Painters, Transportation Equipment",Detailed Occupation
51-9123,"Painting, Coating, and Decorating Workers",Detailed Occupation
51-9140,Semiconductor Processors,Broad Group
51-9141,Semiconductor Processors,Detailed Occupation
51-9150,Photographic Process Workers and Processing Machine Operators,Broad Group
51-9151,Photographic Process Workers and Processing Machine Operators,Detailed Occupation
51-9190,Miscellaneous Production Workers,Broad Group
51-9191,Adhesive Bonding Machine Operators and Tenders,Detailed Occupation
51-9192,"Cleaning, Washing, and Metal Pickling Equipment Operators and Tenders",Detailed Occupation
51-9193,Cooling and Freezing Equipment Operators and Tenders,Detailed Occupation
51-9194,Etchers and Engravers,Detailed Occupation
51-9195,"Molders, Shapers, and Casters, Except Metal and Plastic",Detailed Occupation
51-9196,"Paper Goods Machine Setters, Operators, and Tenders",Detailed Occupation
51-9197,Tire Builders,Detailed Occupation
51-9198,Helpers--Production Workers,Detailed Occupation
51-9199,"Production Workers, All Other",Detailed Occupation
53-0000,Transportation and Material Moving Occupations,Major Group
53-1000,Supervisors of Transportation and Material Moving Workers,Minor Group
53-1010,Aircraft Cargo Handling Supervisors,Broad Group
53-1011,Aircraft Cargo Handling Supervisors,Detailed Occupation
53-1020,"First-Line Supervisors of Helpers, Laborers, and Material Movers, Hand",Broad Group
53-1021,"First-Line Supervisors of Helpers, Laborers, and Material Movers, Hand",Detailed Occupation
53-1030,First-Line Supervisors of Transportation and Material-Moving Machine and Vehicle Operators,Broad Group
53-1031,First-Line Supervisors of Transportation and Material-Moving Machine and Vehicle Operators,Detailed Occupation
53-2000,Air Transportation Workers,Minor Group
53-2010,Aircraft Pilots and Flight Engineers,Broad Group
53-2011,"Airline Pilots, Copilots, and Flight Engineers",Detailed Occupation
53-2012,Commercial Pilots,Detailed Occupation
53-2020,Air Traffic Controllers and Airfield Operations Specialists,Broad Group
53-2021,Air Traffic Controllers,Detailed Occupation
53-2022,Airfield Operations Specialists,Detailed Occupation
53-2030,Flight Attendants,Broad Group
53-2031,Flight Attendants,Detailed Occupation
53-3000,Motor Vehicle Operators,Minor Group
53-3010,"Ambulance Drivers and Attendants, Except Emergency Medical Technicians",Broad Group
53-3011,"Ambulance Drivers and Attendants, Except Emergency Medical Technicians",Detailed Occupation
53-3020,Bus Drivers,Broad Group
53-3021,"Bus Drivers, Transit and Intercity",Detailed Occupation
53-3022,"Bus Drivers, School or Special Client",Detailed Occupation
53-3030,Driver/Sales Workers and Truck Drivers,Broad Group
53-3031,Driver/Sales Workers,Detailed Occupation
53-3032,Heavy and Tractor-Trailer Truck Drivers,Detailed Occupation
53-3033,Light Truck or Delivery Services Drivers,Detailed Occupation
53-3040,Taxi Drivers and Chauffeurs,Broad Group
53-3041,Taxi Drivers and Chauffeurs,Detailed Occupation
53-3090,Miscellaneous Motor Vehicle Operators,Broad Group
53-3099,"Motor Vehicle Operators, All Other",Detailed Occupation
53-4000,Rail Transportation Workers,Minor Group
53-4010,Locomotive Engineers and Operators,Broad Group
53-4011,Locomotive Engineers,Detailed Occupation
53-4012,Locomotive Firers,Detailed Occupation
53-4013,"Rail Yard Engineers, Dinkey Operators, and Hostlers",Detailed Occupation
53-4020,"Railroad Brake, Signal, and Switch Operators",Broad Group
53-4021,"Railroad Brake, Signal, and Switch Operators",Detailed Occupation
53-4030,Railroad Conductors and Yardmasters,Broad Group
53-4031,Railroad Conductors and Yardmasters,Detailed Occupation
53-4040,Subway and Streetcar Operators,Broad Group
53-4041,Subway and Streetcar Operators,Detailed Occupation
53-4090,Miscellaneous Rail Transportation Workers,Broad Group
53-4099,"Rail Transportation Workers, All Other",Detailed Occupation
53-5000,Water Transportation Workers,Minor Group
53-5010,Sailors and Marine Oilers,Broad Group
53-5011,Sailors and Marine Oilers,Detailed Occupation
53-5020,Ship and Boat Captains and Operators,Broad Group
53-5021,"Captains, Mates, and Pilots of Water Vessels",Detailed Occupation
53-5022,Motorboat Operators,Detailed Occupation
53-5030,Ship Engineers,Broad Group
53-5031,Ship Engineers,Detailed Occupation
53-6000,Other Transportation Workers,Minor Group
53-6010,Bridge and Lock Tenders,Broad Group
53-6011,Bridge and Lock Tenders,Detailed Occupation
53-6020,Parking Lot Attendants,Broad Group
53-6021,Parking Lot Attendants,Detailed Occupation
53-6030,Automotive and Watercraft Service Attendants,Broad Group
53-6031,Automotive and Watercraft Service Attendants,Detailed Occupation
53-6040,Traffic Technicians,Broad Group
53-6041,Traffic Technicians,Detailed Occupation
53-6050,Transportation Inspectors,Broad Group
53-6051,Transportation Inspectors,Detailed Occupation
53-6060,"Transportation Attendants, Except Flight Attendants",Broad Group
53-6061,"Transportation Attendants, Except Flight Attendants",Detailed Occupation
53-6090,Miscellaneous Transportation Workers,Broad Group
53-6099,"Transportation Workers, All Other",Detailed Occupation
53-7000,Material Moving Workers,Minor Group
53-7010,Conveyor Operators and Tenders,Broad Group
53-7011,Conveyor Operators and Tenders,Detailed Occupation
53-7020,Crane and Tower Operators,Broad Group
53-7021,Crane and Tower Operators,Detailed Occupation
53-7030,"Dredge, Excavating, and Loading Machine Operators",Broad Group
53-7031,Dredge Operators,Detailed Occupation
53-7032,Excavating and Loading Machine and Dragline Operators,Detailed Occupation
53-7033,"Loading Machine Operators, Underground Mining",Detailed Occupation
53-7040,Hoist and Winch Operators,Broad Group
53-7041,Hoist and Winch Operators,Detailed Occupation
53-7050,Industrial Truck and Tractor Operators,Broad Group
53-7051,Industrial Truck and Tractor Operators,Detailed Occupation
53-7060,"Laborers and Material Movers, Hand",Broad Group
53-7061,Cleaners of Vehicles and Equipment,Detailed Occupation
53-7062,"Laborers and Freight, Stock, and Material Movers, Hand",Detailed Occupation
53-7063,Machine Feeders and Offbearers,Detailed Occupation
53-7064,"Packers and Packagers, Hand",Detailed Occupation
53-7070,Pumping Station Operators,Broad Group
53-7071,Gas Compressor and Gas Pumping Station Operators,Detailed Occupation
53-7072,"Pump Operators, Except Wellhead Pumpers",Detailed Occupation
53-7073,Wellhead Pumpers,Detailed Occupation
53-7080,Refuse and Recyclable Material Collectors,Broad Group
53-7081,Refuse and Recyclable Material Collectors,Detailed Occupation
53-7110,Mine Shuttle Car Operators,Broad Group
53-7111,Mine Shuttle Car Operators,Detailed Occupation
53-7120,"Tank Car, Truck, and Ship Loaders",Broad Group
53-7121,"Tank Car, Truck, and Ship Loaders",Detailed Occupation
53-7190,Miscellaneous Material Moving Workers,Broad Group
53-7199,"Material Moving Workers, All Other",Detailed Occupation
55-0000,Military Specific Occupations,Major Group
55-1000,Military Officer Special and Tactical Operations Leaders,Minor Group
55-1010,Military Officer Special and Tactical Operations Leaders,Broad Group
55-1011,Air Crew Officers,Detailed Occupation
55-1012,Aircraft Launch and Recovery Officers,Detailed Occupation
55-1013,Armored Assault Vehicle Officers,Detailed Occupation
55-1014,Artillery and Missile Officers,Detailed Occupation
55-1015,Command and Control Center Officers,Detailed Occupation
55-1016,Infantry Officers,Detailed Occupation
55-1017,Special Forces Officers,Detailed Occupation
55-1019,"Military Officer Special and Tactical Operations Leaders, All Other",Detailed Occupation
55-2000,First-Line Enlisted Military Supervisors,Minor Group
55-2010,First-Line Enlisted Military Supervisors,Broad Group
55-2011,First-Line Supervisors of Air Crew Members,Detailed Occupation
55-2012,First-Line Supervisors of Weapons Specialists/Crew Members,Detailed Occupation
55-2013,First-Line Supervisors of All Other Tactical Operations Specialists,Detailed Occupation
55-3000,Military Enlisted Tactical Operations and Air/Weapons Specialists and Crew Members,Minor Group
55-3010,Military Enlisted Tactical Operations and Air/Weapons Specialists and Crew Members,Broad Group
55-3011,Air Crew Members,Detailed Occupation
55-3012,Aircraft Launch and Recovery Specialists,Detailed Occupation
55-3013,Armored Assault Vehicle Crew Members,Detailed Occupation
55-3014,Artillery and Missile Crew Members,Detailed Occupation
55-3015,Command and Control Center Specialists,Detailed Occupation
55-3016,Infantry,Detailed Occupation
55-3017,Radar and Sonar Technicians,Detailed Occupation
55-3018,Special Forces,Detailed Occupation
55-3019,"Military Enlisted Tactical Operations and Air/Weapons Specialists and Crew Members, All Other",Detailed Occupation
99-0000,TBD,Major Group
99-9000,TBD,Minor Group
99-9990,TBD,Broad Group
99-9999,TBD,Detailed Occupation
